tenure_months,monthly_charge,avg_session_minutes,support_tickets,age,is_churned
34,39.13,42.05,1,35,No
37,75.0,32.3,2,30,Yes
54,49.37,22.76,1,64,No
68,40.99,25.3,2,40,No
3,43.79,21.14,2,21,No
11,52.97,18.74,5,68,Yes
59,89.29,23.53,3,70,Yes
68,38.84,26.56,0,37,No
18,62.88,39.69,1,72,No
23,21.52,25.42,0,44,No
62,59.97,35.86,3,36,Yes
31,76.19,39.14,5,45,Yes
20,55.74,25.63,1,47,No
59,48.67,37.86,5,36,Yes
19,64.17,30.72,5,54,Yes
30,72.6,21.66,0,62,No
46,71.95,27.12,0,66,No
40,95.5,25.18,5,21,Yes
7,63.77,23.14,5,40,Yes
2,49.34,23.41,1,30,No
62,57.73,26.15,0,67,No
54,58.7,28.47,5,65,Yes
60,61.96,17.92,4,34,Yes
39,59.46,24.92,5,53,Yes
59,63.13,12.82,0,29,No
24,29.92,27.09,0,47,No
33,74.93,29.99,3,73,Yes
56,49.65,26.31,0,39,No
9,38.88,27.29,1,31,No
22,71.48,29.72,1,25,No
9,83.71,19.68,5,38,Yes
33,68.87,23.09,5,44,Yes
70,62.9,29.09,2,56,Yes
10,43.22,33.02,4,74,Yes
28,111.69,28.16,5,36,Yes
29,75.84,45.42,2,51,Yes
65,39.49,24.27,5,74,Yes
15,45.97,33.0,5,50,Yes
36,61.57,35.13,3,49,Yes
19,32.01,23.93,1,74,No
2,63.04,18.44,1,72,No
54,51.74,15.54,2,68,Yes
5,82.07,26.3,5,28,Yes
20,77.32,33.88,1,74,Yes
36,11.2,27.17,2,63,No
35,60.75,26.38,5,72,Yes
9,30.89,21.97,4,40,Yes
70,79.97,29.49,4,56,Yes
54,63.03,7.91,0,65,No
69,69.87,26.86,2,35,Yes
7,40.83,25.23,4,65,Yes
52,92.91,14.04,1,53,Yes
21,96.36,42.4,5,73,Yes
39,40.83,13.9,5,37,Yes
66,66.71,16.38,2,37,Yes
20,47.88,15.39,2,64,No
52,59.58,33.88,2,20,Yes
12,37.22,17.9,1,25,No
23,93.61,30.35,0,27,No
69,42.55,29.7,2,44,No
30,54.67,27.08,2,39,Yes
37,69.03,14.54,4,65,Yes
21,48.34,20.1,0,72,No
9,55.69,38.38,4,43,Yes
31,49.85,14.67,0,50,No
45,57.6,18.35,0,52,No
33,38.93,23.7,5,40,Yes
56,52.12,31.47,5,23,Yes
26,56.28,27.01,1,67,No
44,53.99,30.94,4,34,Yes
55,61.02,16.46,1,59,No
66,54.72,32.56,0,72,No
31,73.56,29.55,1,55,Yes
3,54.18,12.24,5,55,Yes
52,57.54,37.32,4,58,Yes
38,48.03,43.34,5,38,Yes
62,50.52,18.85,5,57,Yes
33,37.24,25.45,5,47,Yes
27,69.34,36.18,3,62,Yes
5,39.43,13.15,0,62,No
33,46.57,9.08,4,51,Yes
46,66.47,14.62,2,62,Yes
55,67.25,20.46,4,20,Yes
61,52.8,20.37,3,65,Yes
16,23.65,29.86,2,72,No
43,67.57,27.15,5,34,Yes
58,64.67,15.03,3,51,Yes
19,34.58,29.54,3,31,Yes
25,73.87,39.99,1,49,Yes
60,47.38,34.58,0,54,No
42,39.73,32.93,0,69,No
37,61.72,25.16,5,48,Yes
48,56.79,32.87,0,53,No
37,63.65,17.27,5,50,Yes
70,31.1,31.01,0,70,No
54,92.62,24.3,2,30,Yes
4,49.15,34.05,2,28,Yes
11,32.29,28.73,0,36,No
39,71.14,16.28,5,39,Yes
59,53.61,26.02,5,60,Yes
5,65.85,34.75,3,23,Yes
49,53.89,15.97,4,38,Yes
54,58.92,20.53,3,23,Yes
56,64.42,18.85,5,61,Yes
63,46.56,13.03,5,39,Yes
14,72.22,32.69,0,20,No
40,51.54,35.49,1,58,No
57,44.35,31.4,2,72,No
26,61.39,26.94,3,37,Yes
14,68.01,24.58,1,29,No
35,55.88,26.92,3,55,Yes
6,44.47,19.15,0,45,No
16,71.16,32.15,3,18,Yes
61,28.31,33.36,4,70,Yes
48,41.44,32.46,4,25,Yes
62,60.71,20.75,2,32,Yes
60,35.5,25.63,0,38,No
63,60.5,23.67,0,30,No
23,59.01,39.31,2,51,Yes
34,76.18,26.44,0,74,No
44,43.53,9.94,0,59,No
20,48.73,28.19,4,69,Yes
66,66.0,40.06,5,45,Yes
1,15.76,30.48,3,48,No
60,115.8,32.04,0,38,Yes
46,47.42,25.29,1,21,No
18,46.86,9.23,5,56,Yes
52,75.5,10.52,4,52,Yes
30,59.28,15.03,1,19,No
60,27.97,23.99,0,32,No
71,71.28,27.48,3,18,Yes
21,75.4,30.52,4,30,Yes
34,51.9,22.28,3,58,Yes
16,54.93,32.66,3,71,Yes
50,68.75,22.76,1,58,No
46,43.64,19.36,0,53,No
60,67.89,31.81,0,69,No
58,63.59,17.68,3,43,Yes
70,47.85,3.17,4,42,Yes
69,34.94,16.52,4,21,Yes
64,55.94,25.75,3,46,Yes
11,44.24,0.36,4,39,Yes
3,78.03,22.14,2,47,Yes
35,62.59,22.34,4,67,Yes
25,74.08,13.59,0,26,No
64,62.42,13.14,5,35,Yes
57,64.73,21.3,4,27,Yes
31,45.91,20.62,4,36,Yes
41,72.02,35.08,5,37,Yes
42,92.12,28.0,5,52,Yes
64,54.43,12.35,3,55,Yes
2,49.33,18.16,2,32,Yes
35,57.16,30.64,3,33,Yes
48,51.34,40.17,0,49,No
33,47.37,28.09,5,62,Yes
66,62.49,27.49,1,61,No
68,54.76,39.89,5,38,Yes
59,85.9,24.82,1,34,Yes
33,60.0,22.53,3,30,Yes
63,65.83,13.69,0,44,No
6,77.14,20.9,0,52,No
47,54.59,42.43,0,50,No
20,85.86,13.63,0,67,No
18,48.61,25.09,3,38,Yes
49,45.45,13.73,0,46,No
55,53.41,26.03,1,30,No
64,57.94,32.1,1,43,No
16,34.78,23.05,1,24,No
62,59.37,30.84,5,43,Yes
60,29.99,30.77,4,50,Yes
23,85.06,28.58,5,22,Yes
5,58.54,38.73,5,71,Yes
55,48.44,31.23,1,20,No
59,43.65,22.56,5,19,Yes
33,53.08,19.55,0,22,No
12,55.98,18.24,2,67,Yes
11,41.2,28.81,0,62,No
27,43.44,22.41,4,72,Yes
54,56.63,46.83,3,53,Yes
23,50.63,39.74,5,48,Yes
3,76.91,23.28,3,39,Yes
50,80.48,22.37,0,73,No
53,60.29,38.52,5,54,Yes
13,68.52,9.93,1,58,No
40,35.97,21.39,5,43,Yes
29,71.47,32.61,3,49,Yes
36,59.45,17.7,1,65,No
1,68.72,21.19,1,44,No
46,88.81,22.19,1,56,Yes
19,18.94,30.29,1,44,No
40,64.7,26.1,5,61,Yes
30,40.22,28.22,2,56,No
44,70.66,29.76,5,53,Yes
8,36.36,25.24,0,31,No
26,51.08,33.88,3,33,Yes
45,63.65,19.17,2,58,Yes
55,71.04,13.51,5,29,Yes
28,61.35,10.79,0,45,No
2,45.73,12.03,5,44,Yes
52,50.04,20.6,1,56,No
36,75.92,33.24,1,22,Yes
47,59.9,26.39,1,71,No
12,29.69,20.21,1,42,No
31,75.19,16.44,1,31,Yes
63,67.49,20.77,2,58,Yes
62,75.72,21.77,0,40,No
23,53.94,20.48,3,24,Yes
45,74.91,13.54,2,33,Yes
6,40.9,21.19,2,45,No
58,70.26,33.14,4,21,Yes
20,51.17,7.6,0,48,No
25,72.14,23.08,2,53,Yes
69,78.1,8.03,4,37,Yes
39,46.75,26.46,5,53,Yes
63,59.08,19.02,0,53,No
14,60.7,8.31,5,74,Yes
54,81.41,25.81,4,50,Yes
71,72.79,39.54,1,52,Yes
6,38.05,25.87,5,54,Yes
18,68.24,34.29,0,40,No
11,73.41,24.43,5,21,Yes
19,98.23,7.74,4,69,Yes
23,29.78,28.92,3,40,Yes
6,50.35,21.65,1,18,No
64,84.0,13.3,1,27,Yes
19,35.61,31.28,1,35,No
66,38.41,27.29,3,57,Yes
55,69.31,20.8,3,60,Yes
13,78.33,31.94,5,63,Yes
50,47.96,18.02,5,27,Yes
55,69.72,30.15,5,48,Yes
10,62.11,17.48,1,38,No
10,87.34,29.27,5,31,Yes
27,59.97,16.19,2,66,Yes
5,77.82,36.91,4,57,Yes
30,43.74,27.03,3,37,Yes
35,56.67,36.46,2,22,Yes
48,58.26,18.42,4,31,Yes
41,80.5,21.19,1,44,Yes
33,70.43,31.72,1,68,No
16,46.47,3.05,0,63,No
42,72.28,16.47,3,22,Yes
33,73.87,33.27,4,19,Yes
60,57.99,28.72,3,66,Yes
50,55.36,32.83,3,39,Yes
52,56.51,22.52,3,35,Yes
41,29.49,29.51,5,62,Yes
26,63.4,19.15,0,29,No
20,64.22,14.02,3,61,Yes
32,44.42,11.44,0,45,No
41,73.36,20.59,4,26,Yes
27,35.29,20.61,5,45,Yes
11,50.07,19.96,5,64,Yes
8,51.45,-3.39,4,72,Yes
4,95.78,9.01,5,52,Yes
15,31.21,20.74,4,60,Yes
29,70.13,27.3,5,32,Yes
21,76.96,20.37,5,44,Yes
13,66.8,17.98,1,31,No
23,81.27,6.53,5,49,Yes
51,41.95,41.17,4,41,Yes
23,18.96,16.19,2,36,No
66,73.8,38.47,5,26,Yes
41,38.48,37.49,4,74,Yes
10,54.12,27.19,5,54,Yes
69,38.78,20.42,3,39,Yes
63,78.94,26.06,5,34,Yes
56,75.57,15.78,3,68,Yes
12,47.04,27.09,5,28,Yes
57,76.26,25.02,4,55,Yes
50,62.18,29.26,4,48,Yes
54,57.49,32.6,1,70,No
51,61.03,38.86,5,65,Yes
43,56.35,21.89,5,38,Yes
25,71.07,33.35,2,53,Yes
66,65.59,18.67,2,41,Yes
70,53.71,17.84,4,19,Yes
49,78.11,20.06,0,39,No
26,48.99,17.14,5,50,Yes
36,65.16,32.84,0,65,No
40,67.6,32.39,1,74,No
6,86.62,35.18,3,72,Yes
7,50.9,24.8,4,23,Yes
35,91.38,27.2,1,65,Yes
40,63.17,20.37,3,30,Yes
16,56.51,15.79,5,43,Yes
19,47.9,28.58,0,47,No
10,70.55,27.15,1,65,No
66,60.88,16.14,1,59,No
36,40.14,29.68,1,59,No
20,39.7,11.07,3,73,Yes
56,50.0,23.57,5,47,Yes
69,47.83,19.96,4,29,Yes
21,79.63,20.77,3,28,Yes
64,84.76,16.33,3,64,Yes
55,75.63,32.62,5,31,Yes
57,66.44,29.53,5,38,Yes
38,52.29,34.47,4,58,Yes
65,60.98,26.04,4,39,Yes
11,75.92,14.62,0,29,No
