job_id,duration,machine,priority,cost
J0000,9,2,2,0.4165
J0001,1,4,2,0.6534
J0002,2,3,2,0.8261
J0003,3,3,1,0.4625
J0004,2,1,2,0.8519
J0005,9,1,2,0.8113
J0006,10,2,1,0.8496
J0007,7,3,1,0.3319
J0008,1,3,1,0.467
J0009,2,5,3,0.1603
J0010,4,1,1,0.5846
J0011,5,4,1,0.0424
J0012,7,2,2,0.4695
J0013,6,4,1,0.1636
J0014,3,1,3,0.4777
J0015,2,2,3,0.1813
J0016,8,1,2,0.0015
J0017,9,2,2,0.4218
J0018,1,1,2,0.4283
J0019,2,4,2,0.5411
J0020,5,4,1,0.1247
J0021,5,1,3,0.4983
J0022,10,2,2,0.2997
J0023,6,5,3,0.0814
J0024,5,5,3,0.4102
J0025,5,5,1,0.6669
J0026,8,1,1,0.3028
J0027,7,5,1,0.7134
J0028,2,3,1,0.7888
J0029,9,1,2,0.014
J0030,9,4,3,0.2156
J0031,11,1,2,0.2836
J0032,9,1,2,0.5923
J0033,4,5,2,0.487
J0034,4,1,3,0.5681
J0035,8,3,2,0.0738
J0036,8,5,2,0.2871
J0037,8,2,3,0.1608
J0038,10,2,3,0.746
J0039,4,2,3,0.6835
J0040,11,4,2,0.3049
J0041,1,4,1,0.8762
J0042,1,2,1,0.1356
J0043,11,1,2,0.0178
J0044,11,3,3,0.3734
J0045,4,3,1,0.6685
J0046,2,3,3,0.9462
J0047,4,4,1,0.5086
J0048,1,1,2,0.1365
J0049,10,4,1,0.5974
J0050,8,3,1,0.0168
J0051,7,1,1,0.818
J0052,3,4,1,0.3224
J0053,6,5,3,0.1018
J0054,3,2,2,0.1493
J0055,9,3,2,0.8286
J0056,6,3,3,0.9064
J0057,1,3,2,0.1845
J0058,3,3,2,0.9981
J0059,8,3,2,0.8603
J0060,6,3,2,0.3294
J0061,5,2,1,0.0511
J0062,3,1,3,0.1512
J0063,1,5,1,0.4364
J0064,7,3,1,0.2055
J0065,8,2,1,0.1819
J0066,6,5,3,0.2727
J0067,11,3,3,0.8776
J0068,11,2,3,0.0364
J0069,3,1,2,0.9225
J0070,7,1,2,0.4493
J0071,7,4,2,0.738
J0072,3,4,1,0.5119
J0073,4,5,1,0.9454
J0074,6,5,1,0.1813
J0075,9,5,3,0.2553
J0076,4,1,3,0.5082
J0077,8,1,3,0.5076
J0078,8,3,3,0.331
J0079,3,4,2,0.3053
J0080,5,2,1,0.0891
J0081,10,5,2,0.5022
J0082,10,5,2,0.8306
J0083,8,2,2,0.8668
J0084,1,4,2,0.4147
J0085,8,3,2,0.9796
J0086,3,3,2,0.967
J0087,10,4,2,0.3195
J0088,11,3,3,0.1165
J0089,5,4,2,0.8357
J0090,11,2,3,0.9407
J0091,9,3,3,0.6492
J0092,4,1,3,0.9644
J0093,10,4,3,0.4775
J0094,5,2,2,0.5238
J0095,2,4,1,0.0741
J0096,7,5,3,0.37
J0097,10,2,2,0.9246
J0098,8,4,2,0.1033
J0099,5,4,1,0.1375
J0100,10,4,1,0.0331
J0101,6,3,2,0.4957
J0102,5,2,1,0.6035
J0103,2,4,3,0.5325
J0104,3,2,1,0.879
J0105,8,3,3,0.6806
J0106,9,3,2,0.6369
J0107,4,2,2,0.6027
J0108,7,3,2,0.506
J0109,10,3,1,0.0746
J0110,2,2,1,0.0973
J0111,4,5,3,0.6441
J0112,6,5,3,0.2119
J0113,7,1,2,0.4154
J0114,5,2,1,0.6474
J0115,5,1,1,0.5997
J0116,2,1,2,0.2443
J0117,7,1,3,0.2673
J0118,11,2,1,0.1406
J0119,3,5,1,0.6625
J0120,9,2,3,0.7196
J0121,2,5,1,0.1319
J0122,1,5,2,0.2707
J0123,9,2,3,0.1487
J0124,2,1,3,0.6121
J0125,9,2,1,0.2961
J0126,4,3,3,0.8698
J0127,7,1,1,0.2662
J0128,11,4,1,0.6444
J0129,11,4,2,0.636
J0130,6,4,1,0.9419
J0131,3,3,3,0.7229
J0132,3,3,2,0.933
J0133,10,5,2,0.5843
J0134,7,3,3,0.0035
J0135,2,2,1,0.3264
J0136,10,5,3,0.7405
J0137,11,5,1,0.3427
J0138,11,3,1,0.658
J0139,7,3,3,0.1176
J0140,11,4,2,0.6466
J0141,7,5,2,0.3852
J0142,6,4,1,0.9461
J0143,11,5,1,0.0713
J0144,7,2,2,0.3606
J0145,9,5,1,0.7675
J0146,4,1,3,0.3922
J0147,9,3,1,0.4625
J0148,11,3,1,0.3344
J0149,1,4,3,0.0975
J0150,6,4,1,0.3201
J0151,5,3,1,0.8767
J0152,1,1,2,0.7673
J0153,1,1,2,0.3097
J0154,3,3,3,0.6685
J0155,3,3,3,0.794
J0156,8,2,1,0.797
J0157,3,5,3,0.0553
J0158,7,1,1,0.1641
J0159,10,5,1,0.9562
J0160,6,4,2,0.2799
J0161,2,1,2,0.7786
J0162,1,2,2,0.6304
J0163,4,4,1,0.8722
J0164,5,1,1,0.0782
J0165,6,2,2,0.934
J0166,4,5,2,0.876
J0167,10,1,1,0.2384
J0168,7,5,3,0.7109
J0169,11,1,3,0.006
J0170,11,3,2,0.8654
J0171,8,4,3,0.4145
J0172,1,1,3,0.7405
J0173,3,5,3,0.7951
J0174,9,4,1,0.0266
J0175,6,3,2,0.8821
J0176,11,4,3,0.105
J0177,8,2,3,0.1549
J0178,10,4,1,0.4564
J0179,1,3,3,0.2534
J0180,4,1,1,0.648
J0181,8,5,2,0.1906
J0182,7,5,3,0.623
J0183,5,4,2,0.7616
J0184,2,4,2,0.9636
J0185,7,1,1,0.3994
J0186,1,1,1,0.286
J0187,8,2,1,0.5776
J0188,9,2,3,0.6513
J0189,8,5,3,0.923
J0190,1,1,2,0.5857
J0191,6,3,1,0.4385
J0192,4,5,3,0.2976
J0193,7,4,2,0.7252
J0194,8,4,1,0.6376
J0195,3,4,1,0.0717
J0196,1,2,1,0.2993
J0197,6,4,3,0.1672
J0198,7,1,3,0.4954
J0199,2,4,3,0.3811
J0200,11,2,1,0.1588
J0201,6,3,3,0.5299
J0202,11,4,1,0.6593
J0203,6,2,2,0.3411
J0204,9,5,2,0.8345
J0205,9,1,2,0.1015
J0206,6,4,1,0.0575
J0207,5,5,2,0.7073
J0208,8,4,2,0.5632
J0209,1,1,3,0.7518
J0210,7,4,3,0.9347
J0211,6,4,3,0.511
J0212,2,1,2,0.817
J0213,3,5,1,0.6479
J0214,1,5,1,0.5142
J0215,9,2,1,0.5033
J0216,8,4,2,0.9919
J0217,5,1,1,0.3457
J0218,11,4,2,0.4247
J0219,5,2,1,0.4745
J0220,4,1,2,0.6398
J0221,11,2,3,0.061
J0222,1,5,3,0.6517
J0223,5,3,3,0.0384
J0224,1,4,1,0.3795
J0225,4,3,3,0.4423
J0226,8,1,2,0.566
J0227,4,5,1,0.5716
J0228,6,1,3,0.6036
J0229,6,1,2,0.0245
J0230,1,3,2,0.3285
J0231,2,5,3,0.7381
J0232,4,3,1,0.4172
J0233,7,1,2,0.8263
J0234,1,5,3,0.5436
J0235,11,5,2,0.5693
J0236,10,3,1,0.6765
J0237,7,2,3,0.9829
J0238,9,1,2,0.0039
J0239,9,4,3,0.1187
J0240,1,1,2,0.0888
J0241,11,1,1,0.2063
J0242,1,5,3,0.0208
J0243,10,3,2,0.9877
J0244,10,2,3,0.1501
J0245,9,4,1,0.4742
J0246,2,1,1,0.8819
J0247,9,4,1,0.4741
J0248,11,2,3,0.2469
J0249,10,5,2,0.2921
J0250,8,2,1,0.4219
J0251,3,1,1,0.3075
J0252,7,3,2,0.4707
J0253,6,3,3,0.4132
J0254,10,4,2,0.0814
J0255,4,4,2,0.8741
J0256,5,1,2,0.9691
J0257,3,1,1,0.5625
J0258,6,3,2,0.0944
J0259,7,5,2,0.9089
J0260,6,4,2,0.3627
J0261,4,3,1,0.3816
J0262,7,4,1,0.2554
J0263,7,2,1,0.9289
J0264,2,2,1,0.692
J0265,7,2,3,0.3009
J0266,8,2,3,0.3694
J0267,2,4,1,0.4228
J0268,7,1,3,0.3806
J0269,5,1,1,0.6723
J0270,11,4,2,0.9495
J0271,5,2,2,0.043
J0272,4,2,3,0.8479
J0273,8,2,1,0.8492
J0274,10,2,2,0.2191
J0275,1,2,3,0.9782
J0276,2,2,3,0.8761
J0277,2,4,1,0.7226
J0278,4,3,2,0.1069
J0279,6,3,1,0.4473
J0280,7,3,2,0.7573
J0281,5,5,3,0.554
J0282,10,3,1,0.0588
J0283,8,4,2,0.7639
J0284,2,5,1,0.4103
J0285,4,2,3,0.2205
J0286,3,3,2,0.3476
J0287,3,2,3,0.1036
J0288,10,2,3,0.3611
J0289,11,1,3,0.0155
J0290,5,3,2,0.9984
J0291,3,2,1,0.1367
J0292,10,1,2,0.339
J0293,2,4,2,0.3009
J0294,2,3,3,0.4596
J0295,4,4,1,0.3391
J0296,5,2,2,0.8873
J0297,4,2,1,0.1872
J0298,4,4,1,0.9971
J0299,3,2,3,0.3925
J0300,7,1,2,0.9828
J0301,6,5,1,0.3347
J0302,8,1,2,0.0806
J0303,11,5,3,0.8334
J0304,11,5,2,0.1584
J0305,2,1,2,0.7428
J0306,9,4,3,0.8805
J0307,5,1,3,0.2175
J0308,10,3,3,0.3175
J0309,8,4,2,0.5641
J0310,1,2,3,0.8691
J0311,10,3,3,0.8552
J0312,11,1,3,0.4865
J0313,11,3,2,0.5666
J0314,1,3,2,0.8034
J0315,2,4,3,0.155
J0316,7,3,1,0.9317
J0317,6,4,3,0.8638
J0318,2,3,1,0.2338
J0319,10,1,2,0.6289
J0320,3,5,3,0.7323
J0321,1,5,2,0.6477
J0322,10,4,1,0.0722
J0323,7,5,2,0.0618
J0324,1,4,3,0.223
J0325,2,3,2,0.1047
J0326,10,4,1,0.4847
J0327,9,3,1,0.7374
J0328,10,5,3,0.5761
J0329,11,2,2,0.9059
J0330,4,3,2,0.4904
J0331,6,3,2,0.4493
J0332,5,4,3,0.1274
J0333,1,2,1,0.9536
J0334,3,2,2,0.6725
J0335,1,3,1,0.9804
J0336,2,5,1,0.9347
J0337,5,5,1,0.0852
J0338,11,3,2,0.6034
J0339,10,3,3,0.4873
J0340,8,1,1,0.7543
J0341,3,5,3,0.0446
J0342,2,2,1,0.6592
J0343,8,1,3,0.6108
J0344,9,4,1,0.3733
J0345,5,5,3,0.1256
J0346,2,4,2,0.6859
J0347,3,1,2,0.048
J0348,11,5,1,0.3376
J0349,8,2,1,0.0275
J0350,7,4,1,0.3073
J0351,4,4,3,0.2494
J0352,10,4,1,0.6192
J0353,5,2,2,0.684
J0354,5,2,2,0.708
J0355,9,1,3,0.4105
J0356,5,4,1,0.7543
J0357,6,1,1,0.6605
J0358,1,1,1,0.5343
J0359,9,4,3,0.7791
J0360,4,1,2,0.9717
J0361,6,1,1,0.4806
J0362,7,2,1,0.9617
J0363,2,1,3,0.6234
J0364,3,5,1,0.3869
J0365,5,5,3,0.4766
J0366,2,5,2,0.6553
J0367,10,4,2,0.3153
J0368,4,4,1,0.923
J0369,7,2,2,0.3858
J0370,2,4,1,0.6249
J0371,11,1,1,0.8595
J0372,6,1,1,0.8296
J0373,1,5,2,0.6734
J0374,4,5,1,0.7141
J0375,4,4,1,0.7569
J0376,3,1,2,0.587
J0377,9,4,1,0.4326
J0378,11,5,2,0.8985
J0379,8,3,1,0.1604
J0380,3,1,1,0.1287
J0381,7,3,1,0.3126
J0382,6,5,2,0.2347
J0383,8,5,2,0.9737
J0384,10,4,2,0.5306
J0385,10,3,1,0.8846
J0386,9,1,2,0.5524
J0387,8,1,1,0.2172
J0388,5,3,1,0.875
J0389,7,1,1,0.8819
J0390,2,5,3,0.1238
J0391,7,3,3,0.7665
J0392,6,5,1,0.5687
J0393,8,4,3,0.1794
J0394,6,3,3,0.3374
J0395,4,4,2,0.7341
J0396,6,2,3,0.187
J0397,8,4,1,0.6073
J0398,3,2,1,0.5331
J0399,7,2,1,0.5307
