area_sqft,rooms,age_years,has_garage,sale_price
1474.1,2,26,1,171524.55
1712.6,3,73,0,166756.6
2631.9,3,16,0,328422.92
2129.6,1,86,1,187137.58
979.3,3,12,1,133720.76
1797.4,1,32,0,195907.68
1488.3,4,37,0,181315.94
1874.3,4,72,0,196061.91
995.9,2,27,0,113232.21
1920.9,1,39,1,204358.85
1917.7,2,46,0,206740.2
2587.8,3,37,0,304223.96
1958.3,5,89,1,199866.28
2055.3,5,89,0,211521.64
1053.4,2,83,0,69673.59
2926.4,1,14,0,347566.79
842.2,4,27,1,112786.98
2350.9,2,46,1,258727.44
1635.0,5,27,0,216900.25
1359.7,1,73,1,106491.06
1471.9,1,65,1,127139.97
1464.0,4,59,0,158633.91
1990.1,1,62,0,192024.34
1745.0,3,36,1,203984.09
2541.3,5,30,0,322947.84
885.2,1,71,0,51303.92
1798.5,2,71,1,169911.8
1354.0,4,22,1,178675.53
2187.9,2,52,0,233764.61
741.0,5,47,0,91639.02
1628.2,2,64,1,155784.54
1905.1,4,46,1,223221.98
1057.9,3,83,0,79228.46
2292.6,2,15,1,279597.24
1889.4,4,35,1,231164.57
2303.4,5,17,0,306087.42
2279.6,2,77,0,222238.5
1310.1,4,78,0,123076.45
1401.1,2,17,1,170796.74
1698.3,2,11,0,211896.8
2174.0,5,38,1,271670.68
2225.5,1,88,0,196819.01
1445.2,1,75,0,114929.77
1496.4,3,31,1,178667.44
1401.1,4,42,1,166293.99
1507.9,1,88,1,110687.85
1681.0,2,38,1,185517.65
1734.1,1,65,0,158554.75
2829.1,4,80,1,303508.28
1546.8,4,45,0,181108.16
1655.6,5,45,0,203184.77
2029.3,4,79,1,208407.51
1323.5,4,72,1,130058.55
1615.7,4,11,0,220000.96
1806.7,2,2,0,233042.26
2187.1,3,51,0,243554.53
1142.0,5,0,0,182013.57
2485.7,5,66,1,283847.57
1623.8,3,70,0,158842.9
1884.7,5,66,1,211771.13
2223.5,3,44,1,254203.76
2130.4,1,28,0,239510.3
2329.6,3,85,1,230050.26
1886.6,4,6,0,257003.66
1790.2,1,19,1,206726.16
1958.2,5,86,1,202552.06
1302.1,5,64,1,143679.12
2407.1,4,83,0,250168.73
1412.3,3,82,0,122698.32
1169.9,3,29,0,141264.55
2828.2,5,19,1,367284.88
1731.8,4,76,0,175415.45
1210.4,5,33,1,160578.34
2726.1,1,14,1,323497.31
1635.1,3,71,1,159329.77
2331.0,5,26,0,301353.04
1385.3,2,49,0,140126.04
1675.6,3,89,1,147952.03
955.7,2,31,0,104818.66
845.5,3,11,0,118567.13
1311.8,4,86,1,116045.78
1761.0,4,54,1,198740.25
2199.0,1,0,0,272908.37
3013.1,3,67,0,328268.47
1284.1,1,41,0,126138.95
2304.5,2,74,1,227956.39
1497.8,2,85,1,121219.7
1723.7,2,84,1,149261.01
1059.4,2,2,0,143315.79
1060.5,1,7,1,130002.91
1410.8,2,89,0,107191.01
1203.4,1,66,0,94030.54
1798.2,3,52,0,196013.74
1448.7,5,60,0,164843.34
2425.3,3,78,0,247845.72
1876.5,5,46,0,228780.96
1882.6,3,81,0,179989.68
2368.7,4,25,1,297783.04
2059.1,3,11,0,264169.9
1781.3,2,77,0,162417.21
1754.6,5,61,1,200640.29
1739.5,3,33,0,206044.51
2338.4,4,8,1,309410.87
2191.5,5,61,0,253072.42
1983.0,5,65,1,224449.48
2199.4,3,30,0,263874.17
1527.7,5,20,1,210341.01
2055.5,2,41,1,227805.43
1093.8,3,38,1,124038.24
2473.6,4,88,1,253586.73
1845.0,4,2,0,255620.02
1891.7,2,20,1,227000.45
2099.7,2,84,1,194262.58
1795.1,1,76,1,155993.5
1672.9,2,46,1,177311.44
2394.9,2,7,1,299058.64
1857.9,4,53,1,211300.06
1342.1,5,87,1,127778.32
2019.8,2,2,0,258572.91
947.4,5,58,1,106489.46
2627.8,5,69,1,298277.64
1714.4,2,31,1,195800.91
1822.9,5,44,0,224168.29
2928.9,4,72,1,322652.81
2875.9,5,17,1,374830.84
1857.9,1,68,1,170755.06
2112.4,2,1,1,270570.13
2345.1,4,87,0,239140.81
2641.0,4,1,0,352035.43
1734.5,1,64,0,159588.86
1867.6,3,38,0,216902.96
2412.3,2,70,1,244481.02
1934.8,3,85,1,182659.64
2177.2,4,35,0,265796.92
2104.9,2,87,1,192269.87
1232.5,1,74,1,90300.99
1370.5,2,13,0,170795.09
479.3,3,70,1,21531.06
1669.9,3,31,1,199496.86
2469.4,2,45,0,273836.23
1245.4,4,68,1,124258.1
2416.9,5,23,1,314346.05
2299.8,2,20,1,275969.44
1772.6,4,88,0,169461.9
1796.2,5,70,1,197579.75
1841.4,2,43,0,200241.85
1369.5,1,4,0,169788.81
1658.8,5,73,1,178364.6
1776.7,5,18,0,242087.37
2106.0,4,6,1,283351.67
2195.9,4,32,1,270720.13
1428.6,1,29,0,154356.99
2212.9,1,73,0,208813.03
1411.1,2,19,1,170237.67
1715.5,5,31,1,222951.65
1984.8,5,67,0,222877.47
1788.7,1,64,1,165991.91
1736.5,5,36,0,220923.98
1934.7,2,3,1,247483.39
1523.6,1,73,0,126133.9
1473.7,3,56,1,153433.09
1697.9,3,32,1,201946.08
2280.6,4,33,1,279955.55
1749.2,1,30,0,191891.93
2752.3,4,28,1,341094.06
1907.1,4,30,1,237846.19
312.8,1,44,1,6954.36
1580.2,1,23,1,177905.84
2632.5,2,24,1,312253.18
1803.2,4,53,0,204667.0
1581.1,1,9,1,190628.32
1363.2,3,47,1,148254.92
2461.9,5,0,0,340417.84
2301.4,4,82,0,238354.79
2136.0,5,23,0,280643.89
2014.1,3,33,1,239013.64
2520.5,3,24,1,307888.2
2210.6,4,13,1,289551.87
1185.1,2,50,0,115220.53
2184.2,5,79,0,236037.15
1884.8,3,9,1,245080.32
1744.8,1,86,1,140973.86
2181.7,5,9,0,298683.79
1814.2,2,50,1,190725.34
333.2,5,41,1,48088.25
2578.7,1,7,1,312169.64
2318.9,1,41,1,250363.77
1738.7,3,46,0,194297.2
1613.8,1,12,1,191855.01
1913.3,4,18,0,249363.82
1157.8,1,62,1,92140.98
1953.2,3,32,1,232596.21
1684.9,1,41,1,174321.0
1623.5,4,39,0,195707.33
1338.4,2,85,0,102093.6
1460.7,1,5,0,179776.68
2353.1,1,25,0,268861.47
2467.5,1,47,0,262744.72
2051.4,2,55,0,214686.27
1777.2,1,47,1,179996.1
1361.0,1,83,0,97599.91
2158.9,1,24,0,246442.1
2605.5,3,51,1,293755.99
992.7,4,10,0,146102.55
2387.1,4,26,0,299072.21
717.2,4,54,1,73447.64
1630.0,3,45,1,182115.65
1992.3,2,60,1,203043.65
1117.5,1,13,0,131363.24
1041.5,4,88,1,81739.63
1892.8,1,35,0,204599.1
2238.4,2,56,1,236218.99
1562.3,2,52,1,158697.79
2471.9,3,19,1,306531.68
1410.0,1,30,1,151205.47
2677.2,1,18,1,314006.81
1860.2,3,14,1,237652.74
1917.7,2,1,1,247191.98
2107.5,2,70,1,207933.66
1960.5,1,8,1,237122.47
2722.9,3,77,1,284449.58
2903.2,4,74,1,317800.08
2073.1,2,80,1,194788.0
1717.1,4,3,1,239318.01
1211.9,1,18,1,138198.78
1422.8,5,42,1,177918.17
1804.6,5,86,1,184155.92
1749.3,5,18,0,238737.71
1778.2,4,33,0,219686.98
1802.5,3,58,1,191128.45
2047.8,3,1,1,271822.86
1124.7,1,71,0,80027.51
1287.3,5,82,1,125676.77
2361.0,2,50,1,256318.58
2219.1,4,50,1,257255.39
1532.1,4,63,0,163178.56
2447.7,1,71,1,238799.39
1461.8,4,3,0,208697.38
1674.1,1,67,0,149597.79
887.3,4,9,0,134348.32
2223.6,2,89,0,204748.04
1795.6,1,5,1,219982.1
2334.9,2,58,1,245999.82
2154.6,1,23,1,246852.07
1849.7,5,47,0,224651.9
1883.0,4,2,0,260140.58
2401.0,5,39,1,298028.12
1722.6,1,67,1,155447.47
1728.9,1,12,1,205688.56
1840.1,3,76,1,179421.91
2209.4,1,42,1,236354.23
2269.1,3,69,0,237226.75
2767.2,3,87,1,280732.26
1770.5,5,24,1,235859.56
2444.2,5,36,1,305936.12
1487.1,1,37,1,154136.01
2117.5,1,79,1,191988.76
1879.8,4,59,1,208492.67
2686.0,2,2,0,338515.2
2124.2,2,15,1,259435.99
1596.3,2,77,1,140248.95
2110.2,4,29,0,263140.37
1994.9,4,68,0,214253.64
1663.9,1,62,0,152898.62
1675.5,3,39,1,192926.24
1351.2,4,44,1,158518.31
3202.2,5,23,0,408539.17
1891.5,4,35,0,231479.79
2311.3,4,82,0,239521.03
1241.5,4,20,0,166995.37
1281.6,5,84,0,123237.3
1748.1,4,71,0,181913.18
1750.4,2,64,1,170429.43
2226.1,4,28,0,277925.74
1323.1,5,23,1,183065.16
2095.0,3,38,0,244179.61
2582.8,1,21,1,300080.39
1368.2,4,50,1,155167.12
2280.2,3,72,1,235796.1
1345.0,1,17,1,155109.95
1998.5,2,36,0,225429.24
2007.1,4,81,0,203991.79
2694.1,1,23,0,311632.0
1480.1,1,28,1,161407.85
1909.6,2,34,0,216498.77
2347.3,3,68,1,247493.82
1239.4,4,57,1,133449.14
1820.8,3,58,0,193342.44
1390.3,4,29,1,176696.02
1474.3,1,14,0,173286.41
2166.2,5,55,1,255484.11
2175.5,2,0,0,279101.87
3114.1,2,56,1,341325.43
2513.7,4,41,0,300743.51
2469.7,4,64,0,274797.09
1741.6,4,67,1,184677.78
1674.5,5,52,0,199108.02
1893.0,3,12,1,243358.25
686.6,5,78,0,57194.44
2652.4,4,72,1,289508.38
1487.7,4,83,1,139851.68
1292.4,2,17,1,157742.5
1592.6,1,69,1,138018.81
2258.4,3,33,1,268319.99
2441.7,4,14,0,316371.09
1630.8,3,11,0,212788.63
2036.5,4,75,1,212880.8
1789.2,4,14,1,238114.74
1318.9,2,21,0,157345.29
1901.3,1,55,0,187639.88
1829.6,2,3,0,234823.02
1046.4,5,66,1,111175.9
2364.9,1,88,1,213578.66
1028.4,1,4,0,128792.1
1930.6,3,24,1,237087.51
1288.2,2,75,1,105078.76
1405.8,5,36,0,181264.43
1461.3,5,49,1,176284.1
2164.6,1,67,1,208475.95
1184.7,2,50,1,115174.79
1716.2,4,51,0,196016.54
2587.1,2,46,0,287079.36
1462.7,2,67,0,133208.01
1794.4,1,11,0,214379.25
2142.1,3,48,0,240847.75
1518.2,5,85,1,150728.99
2046.9,3,31,0,244715.54
1478.5,1,78,0,116233.95
2158.6,4,51,0,249165.9
1839.7,2,10,1,229767.7
1340.2,1,40,0,133815.0
2512.8,2,27,0,295235.3
1760.7,3,72,0,173497.77
1668.1,2,16,0,203758.0
1345.6,1,89,1,90379.84
1572.9,3,38,0,181561.12
1759.6,2,62,0,173341.43
1893.7,2,39,0,210161.25
2356.7,4,0,0,318817.23
1148.4,5,85,1,106298.76
1632.6,5,55,0,191406.32
2405.2,3,60,0,261625.85
1897.9,2,5,0,241243.24
2011.0,4,84,1,201713.72
2603.3,3,87,0,261069.14
1975.5,1,76,1,177661.75
2039.8,1,31,0,225893.64
1786.1,5,14,1,246747.22
2690.3,2,32,1,312014.29
2331.4,3,68,0,245581.24
1445.6,3,8,0,193286.48
2080.2,2,53,0,219899.83
1231.7,2,72,1,101016.27
2349.2,3,13,0,297198.74
2141.0,1,51,1,220009.76
1724.9,1,50,1,170992.99
1603.5,4,2,0,226613.86
906.6,1,64,1,60135.06
2185.5,3,12,1,278464.42
1744.8,4,13,0,233647.0
1647.2,2,13,0,203960.78
2164.2,3,80,1,214720.21
1469.9,2,34,0,163781.19
1508.5,5,85,1,149507.83
1454.3,2,33,1,162818.45
1124.4,4,89,1,90839.44
3005.4,3,31,0,359726.03
1703.0,5,1,1,248443.15
1624.7,4,4,1,227375.48
2249.8,5,32,0,286215.02
224.5,3,55,0,4438.93
1783.4,1,15,0,209528.9
1804.6,1,77,1,156232.4
1311.8,5,12,0,191615.13
2026.6,5,49,0,244092.69
782.5,4,54,0,81266.68
1795.5,4,85,1,174958.38
2230.5,1,40,1,240654.13
672.5,5,21,0,106734.98
1054.2,1,58,0,83300.44
1693.7,5,66,0,188849.93
1756.8,2,69,1,166720.52
1435.5,1,31,1,153366.39
1933.7,5,37,1,243714.57
1869.0,2,58,1,190059.89
1068.2,2,75,0,78677.4
1687.8,3,12,1,218712.5
1095.6,3,77,0,89158.42
691.2,2,56,1,50572.49
519.7,3,89,1,9240.04
2236.6,1,81,1,204481.51
1655.8,4,0,1,234739.66
2696.6,3,45,0,310086.77
984.5,3,30,1,118113.21
1537.3,4,52,1,173680.63
1883.4,1,84,1,159410.78
1642.0,2,31,0,187141.83
1964.5,5,78,0,210497.24
1787.6,1,11,0,213617.62
1408.1,3,20,1,177980.1
551.2,1,88,1,-4006.04
1242.6,1,76,0,89727.9
2579.7,1,80,1,246552.41
2104.1,1,83,0,186799.15
2411.7,4,82,0,251620.09
1431.8,5,72,0,152011.98
1630.9,4,86,0,154306.67
1290.1,5,10,0,190845.73
1926.2,2,18,0,232956.08
1763.2,3,66,0,179196.87
1960.2,1,34,0,213600.34
2616.2,2,0,1,331954.99
1317.8,1,39,1,131989.45
2105.8,3,51,1,233827.1
1036.0,1,24,0,111709.32
2290.0,2,52,0,246016.6
1517.5,1,71,0,127235.56
1702.6,3,69,0,169186.26
1807.2,3,31,1,215993.87
2562.5,4,27,1,319206.92
1723.4,5,64,0,194237.9
1490.3,1,42,0,150028.51
1146.9,2,15,0,142112.46
1877.2,5,35,1,238797.62
1311.6,3,63,1,127704.08
1487.4,2,8,0,189290.96
1726.4,2,54,1,176541.45
2075.1,1,33,1,228346.42
1381.5,4,30,1,174773.55
2074.4,4,62,0,229124.39
2624.6,2,31,0,305036.72
994.2,2,61,0,82406.07
2420.7,1,25,0,277000.45
2816.5,4,15,0,360480.23
1444.0,5,33,1,188579.55
2046.9,1,2,1,252816.06
1052.8,5,64,1,113774.43
1910.1,3,78,1,186053.65
1577.2,1,61,0,143358.35
1892.5,1,59,1,182979.81
1280.6,2,21,0,152779.97
1327.7,5,8,1,197085.58
1514.1,4,83,1,142999.48
1380.7,2,52,0,136892.05
1425.8,1,44,0,140501.37
1632.6,5,21,0,222052.57
1177.0,5,81,1,113386.53
1658.1,2,63,1,160284.38
1970.9,2,85,0,178000.51
572.1,3,76,0,27278.7
1826.9,4,54,0,206657.43
1353.8,3,32,0,160627.89
1165.4,4,85,0,99331.36
1051.3,5,72,1,106350.94
1296.7,5,40,1,164564.38
1347.6,2,3,1,176985.88
1891.7,3,87,1,175745.56
1086.6,3,20,1,139362.27
2239.1,4,41,0,267814.07
1308.5,5,34,0,171401.47
2060.5,4,55,0,233785.73
2263.8,1,42,1,242865.25
1109.8,4,22,1,149399.45
2259.6,3,39,1,263019.18
2822.0,2,1,1,355748.46
1514.1,5,80,1,154679.36
2033.2,2,30,1,235004.15
1682.7,2,23,1,199242.93
1793.2,1,49,0,180089.54
1662.5,1,16,0,194098.2
1509.8,2,22,1,179377.03
2127.6,3,77,0,213019.48
2210.2,3,20,0,274212.77
1772.2,5,52,1,210854.54
2532.5,4,40,1,303885.45
2322.7,5,57,0,272399.37
2132.2,1,83,0,190190.88
1423.5,3,38,1,163588.78
2735.7,2,88,0,267117.16
2447.2,2,52,1,264882.62
712.9,4,30,1,94507.22
1234.4,1,75,1,89584.18
1550.8,2,79,0,132997.76
2260.2,2,19,1,272098.98
2414.2,2,83,0,233008.57
1648.5,1,42,1,169044.48
1916.9,5,47,1,232737.93
2143.4,4,25,0,270703.85
1158.2,3,62,0,110180.67
2092.0,4,51,1,241177.33
1643.9,1,73,1,140560.33
1890.2,4,30,0,235867.9
1774.0,5,72,0,193131.52
1208.1,2,31,0,135064.46
1301.4,4,42,1,154376.8
1820.1,5,31,1,235555.73
1864.3,2,54,0,193100.6
1667.9,4,31,0,208260.35
2331.2,1,49,0,244671.71
1620.6,4,54,0,181848.44
