account_age_days,monthly_volume,failed_payments_90d,support_contacts,is_fraud
2015,60.38,2,2,Yes
2416,7.66,3,0,Yes
77,54.48,3,2,Yes
2425,17.86,3,0,Yes
1411,22.74,3,4,Yes
1550,15.72,1,1,No
1894,46.62,3,2,Yes
864,5.24,1,4,Yes
2938,26.45,3,0,Yes
171,72.41,1,3,No
840,14.54,3,4,Yes
1156,184.85,1,0,No
1717,8.84,2,2,Yes
1231,25.13,0,3,No
401,11.68,0,4,No
145,10.06,3,5,Yes
13,5.82,3,0,Yes
155,10.97,3,1,Yes
454,18.76,1,7,Yes
2997,8.21,0,3,No
581,52.44,3,5,Yes
1960,105.78,1,0,No
2253,3.7,2,6,Yes
711,49.77,1,7,Yes
853,24.43,2,1,No
1310,25.96,0,4,No
797,297.54,0,0,No
2922,74.72,0,4,No
541,28.7,0,3,No
2694,24.3,2,5,Yes
2395,1.85,3,6,Yes
2534,46.98,1,5,Yes
356,8.81,1,0,No
1183,24.37,3,1,Yes
1887,22.36,2,1,No
1484,57.77,2,5,Yes
2000,187.46,3,6,Yes
2033,59.26,1,4,Yes
1992,81.47,3,0,Yes
191,15.52,2,2,Yes
2877,33.16,2,0,Yes
1671,46.81,1,5,No
2711,4.12,3,7,Yes
821,189.75,3,2,Yes
1090,9.15,3,4,Yes
2640,4.93,1,2,No
568,121.2,1,5,No
202,206.5,3,4,Yes
1127,9.27,0,2,No
2040,10.23,2,2,Yes
375,615.91,1,5,No
2611,22.73,1,7,Yes
1029,2.26,0,4,No
689,10.24,1,4,No
1637,181.7,3,0,Yes
2687,41.47,2,3,Yes
2652,45.94,3,6,Yes
2617,77.25,3,2,Yes
926,42.24,1,2,No
65,13.92,0,0,No
2336,3.48,3,6,Yes
2125,32.82,3,2,Yes
2315,5.88,1,1,No
13,18.88,3,6,Yes
123,139.05,2,1,No
1515,36.41,0,1,No
1012,21.44,2,6,Yes
1315,21.59,0,3,No
2794,44.87,3,4,Yes
617,55.33,2,4,Yes
1588,4.72,2,5,Yes
981,24.63,0,3,No
891,132.58,0,4,No
2420,46.05,3,3,Yes
468,8.66,2,2,Yes
956,9.51,1,3,No
365,2.08,1,0,No
455,8.39,1,5,No
850,117.64,2,1,Yes
2098,18.61,0,4,No
1742,7.84,2,2,Yes
1351,10.66,2,3,Yes
516,17.78,0,5,No
2398,17.86,2,6,Yes
2401,13.61,1,7,Yes
714,8.62,2,2,No
188,40.46,0,5,No
966,109.11,3,6,Yes
446,10.75,1,2,No
2401,11.07,2,2,No
1563,74.31,2,7,Yes
1526,4.01,2,0,Yes
878,10.48,3,7,Yes
1524,13.25,1,3,No
2902,24.16,1,7,Yes
716,14.84,1,1,No
2306,7.57,1,1,No
53,28.26,2,7,Yes
948,5.44,1,0,No
2800,2.95,3,7,Yes
2615,2.16,2,3,Yes
266,45.77,3,1,Yes
2530,2.97,3,4,Yes
2536,32.84,0,6,No
1365,42.0,3,6,Yes
1109,48.79,0,0,No
2941,16.57,3,4,Yes
2853,10.99,2,3,Yes
2034,22.07,1,7,Yes
1204,10.45,1,2,No
638,4.88,2,5,Yes
2809,79.92,1,0,No
813,7.51,3,4,Yes
1672,144.82,0,0,No
2027,35.38,2,6,Yes
728,12.18,0,7,No
952,32.51,2,2,Yes
2226,77.72,0,0,No
600,4.41,1,1,No
2026,7.25,2,7,Yes
2834,6.33,0,2,No
2055,24.08,2,1,No
1942,31.33,0,0,No
1396,20.74,1,4,No
2904,9.02,1,2,No
673,11.23,2,0,No
1073,74.12,1,0,No
1926,68.62,2,6,Yes
1967,23.21,0,0,No
330,4.75,0,0,No
495,40.08,3,7,Yes
2079,27.56,0,5,No
2523,26.52,3,6,Yes
1909,134.7,0,0,No
2801,49.53,0,1,No
1135,6.88,0,5,No
995,6.95,3,4,Yes
2397,91.68,2,3,Yes
132,25.19,0,5,No
590,53.29,0,7,No
586,17.87,2,6,Yes
1177,7.07,2,1,Yes
479,28.69,2,4,Yes
2395,119.2,0,1,No
2541,31.16,3,1,Yes
1147,6.22,2,6,Yes
97,15.33,3,5,Yes
2142,12.54,1,7,Yes
332,26.37,1,3,No
1841,67.21,1,0,No
521,192.43,0,3,No
2823,28.39,3,3,Yes
2035,13.87,0,3,No
2975,24.26,3,0,Yes
1854,22.69,2,6,Yes
2173,13.97,2,3,Yes
1134,22.88,0,2,No
2428,22.31,3,0,Yes
347,6.12,2,7,Yes
467,40.78,3,7,Yes
1087,14.98,1,3,No
2141,7.56,0,6,No
1461,38.27,0,3,No
2544,13.06,2,7,Yes
2825,151.73,0,5,No
1209,37.64,2,5,Yes
1277,24.18,2,7,Yes
1664,9.66,2,0,No
1939,14.15,1,7,Yes
1443,56.21,3,0,Yes
1810,10.35,0,2,No
2875,50.81,1,3,No
2204,2.18,3,0,Yes
958,27.34,2,0,Yes
1281,53.78,1,5,Yes
1212,31.75,3,0,Yes
459,21.76,0,2,No
12,66.35,0,4,No
2377,8.52,0,0,No
1266,7.4,2,5,Yes
1061,24.49,2,6,Yes
1897,81.89,2,4,Yes
1696,35.06,3,3,Yes
2805,17.61,1,4,No
1850,30.34,0,1,No
2771,35.48,3,2,Yes
1740,5.54,1,3,No
988,0.99,0,3,No
974,7.06,1,4,Yes
2966,4.21,1,4,Yes
1762,11.52,3,5,Yes
571,5.81,3,4,Yes
2493,8.41,1,3,Yes
2471,35.15,3,2,Yes
45,24.31,3,6,Yes
480,21.3,3,5,Yes
2080,136.2,2,0,No
1221,13.24,1,1,No
1029,14.49,3,6,Yes
229,88.79,1,6,No
578,6.5,3,6,Yes
2575,3.68,1,1,No
2497,93.42,0,0,No
2488,32.18,3,7,Yes
1719,43.09,2,0,No
427,44.95,3,3,Yes
974,60.37,2,2,No
1586,13.32,2,2,Yes
2988,20.64,1,1,No
781,6.61,0,4,No
1649,26.24,1,7,Yes
1480,29.11,2,7,Yes
1513,13.72,3,6,Yes
1664,47.19,3,7,Yes
2116,584.69,1,6,No
327,6.4,3,0,Yes
2943,56.8,1,5,No
2594,64.52,1,6,No
2306,74.09,3,2,Yes
843,9.49,2,5,Yes
1328,85.93,2,4,Yes
1346,47.45,2,5,Yes
933,20.19,2,2,Yes
181,15.94,1,0,No
2235,30.51,3,6,Yes
18,65.28,2,2,No
2288,61.97,2,5,Yes
593,291.82,2,1,Yes
1932,16.0,3,0,Yes
1031,46.85,2,4,Yes
716,14.8,2,2,No
2785,56.25,1,1,No
1428,27.52,3,1,Yes
2670,12.35,1,1,No
577,5.54,2,5,Yes
1446,10.23,1,7,No
1047,31.09,1,7,Yes
1369,120.26,2,2,Yes
45,55.92,3,4,Yes
2004,6.39,2,0,No
1040,13.92,3,2,Yes
2577,24.59,2,7,Yes
646,20.34,1,6,No
1018,24.76,0,4,No
146,53.54,3,3,Yes
2383,28.37,2,1,No
1606,10.37,3,5,Yes
1202,2.64,1,5,No
2751,15.0,3,3,Yes
1786,3.41,0,6,No
2891,17.91,0,6,No
2215,29.96,1,0,No
1760,4.81,1,3,No
1509,17.68,0,5,No
613,14.01,1,3,No
2075,163.48,2,2,Yes
2374,32.91,3,6,Yes
2094,2.48,0,1,No
1243,31.9,3,3,Yes
27,30.72,0,0,No
2206,15.51,2,2,No
126,12.74,1,6,Yes
2413,36.96,1,2,No
455,39.46,0,2,No
926,30.58,3,6,Yes
648,6.31,2,4,Yes
1626,14.22,0,0,No
617,3.36,0,0,No
783,3.58,1,6,No
156,9.99,0,5,No
2943,5.78,2,5,Yes
659,11.64,1,7,Yes
582,279.23,3,0,Yes
1806,31.27,1,4,No
432,6.83,1,4,No
2659,1.67,0,2,No
2349,7.12,2,7,Yes
1055,3.68,2,6,Yes
1207,1.58,3,0,Yes
1105,39.08,3,4,Yes
2208,10.35,3,2,Yes
1256,28.45,1,4,No
863,524.72,0,0,No
2044,23.6,2,1,No
421,19.92,2,7,Yes
2357,25.7,0,2,No
1285,13.06,2,0,No
2823,7.05,3,0,No
791,13.86,0,7,No
1133,61.56,0,6,No
2617,13.03,3,7,Yes
2123,3.89,1,4,No
130,4.46,3,4,Yes
1031,5.67,2,6,Yes
58,17.85,2,7,Yes
2473,30.03,0,4,No
1255,30.12,2,1,No
699,65.97,2,0,No
2179,14.33,0,7,No
2614,45.3,2,1,Yes
320,26.06,0,1,No
1520,39.92,1,1,No
1105,2.44,1,0,No
2178,73.48,3,7,Yes
2790,3.43,1,5,Yes
1609,5.48,1,0,No
2249,44.76,0,5,No
955,12.49,1,2,No
1743,134.54,2,0,No
1487,23.1,3,3,Yes
2195,6.28,1,1,No
160,23.13,3,4,Yes
717,12.57,1,5,Yes
138,108.1,3,0,Yes
2937,117.93,0,0,No
1594,44.35,0,3,No
1470,12.62,0,4,No
1436,21.68,2,1,No
109,62.73,3,1,Yes
2501,8.21,0,7,No
2534,8.27,3,4,Yes
70,50.53,1,2,No
1867,44.64,0,7,No
1675,15.39,2,1,No
1148,14.79,2,3,Yes
1477,2.32,3,3,Yes
2646,73.04,3,6,Yes
1798,17.48,0,2,No
1472,4.14,0,6,No
2191,5.76,1,5,No
2082,7.46,0,4,No
1578,129.89,0,5,No
2487,42.67,3,5,Yes
1693,4.59,2,4,Yes
1858,153.92,2,4,Yes
1480,87.24,1,5,Yes
1776,6.25,3,7,Yes
1849,1.08,3,5,Yes
2699,57.84,0,7,No
751,10.35,2,4,Yes
1099,17.29,3,4,Yes
1662,11.28,2,0,No
1020,80.26,1,3,No
2020,102.19,0,0,No
2476,48.97,2,6,Yes
581,17.02,2,7,Yes
180,26.79,2,6,Yes
2971,39.78,1,2,No
1533,3.55,0,5,No
2241,78.86,2,7,Yes
2283,14.15,2,0,No
2866,26.83,1,2,No
103,23.43,2,7,Yes
888,54.55,1,0,No
2951,65.28,1,7,Yes
1336,229.18,2,4,Yes
1195,13.71,3,0,Yes
791,7.49,1,2,No
69,23.55,2,1,No
149,9.91,2,2,Yes
2918,52.59,1,1,No
59,8.41,3,5,Yes
427,23.7,0,5,No
747,57.67,0,6,No
862,62.66,0,1,No
2585,25.77,0,0,No
979,97.28,3,0,Yes
499,84.94,1,7,Yes
1189,3.18,2,4,Yes
2071,30.69,0,7,No
1347,25.24,3,5,Yes
755,14.93,0,0,No
365,10.3,1,2,No
206,21.81,3,2,Yes
1477,31.84,3,5,Yes
585,28.21,0,4,No
1757,93.68,1,2,No
2036,62.24,1,1,No
1148,10.93,1,6,Yes
1509,9.07,1,6,Yes
184,53.13,1,4,No
1651,9.72,2,2,No
547,25.13,0,2,No
1364,35.34,0,2,No
337,65.02,0,5,No
830,36.98,1,2,No
1257,102.72,2,5,Yes
1470,12.66,2,2,Yes
94,43.86,1,4,No
2768,10.18,0,2,No
1265,25.78,0,4,No
612,24.07,1,1,No
601,7.56,2,2,Yes
2200,1.2,2,7,Yes
1318,60.15,2,1,No
760,31.33,1,0,No
1358,24.54,2,1,No
588,9.73,0,1,No
492,14.58,1,3,No
978,34.7,0,3,No
2891,21.49,0,2,No
287,75.26,3,3,Yes
1643,23.9,1,2,No
2806,8.51,0,5,No
1389,41.09,2,7,Yes
1101,10.45,0,0,No
1677,26.6,3,5,Yes
535,2.86,3,5,Yes
2089,14.24,0,4,No
10,38.56,0,4,No
1701,10.19,0,5,No
190,20.21,0,5,No
73,39.79,2,3,Yes
651,22.37,3,1,Yes
2164,148.01,3,6,Yes
1258,15.6,3,1,Yes
1269,17.02,1,5,No
1808,17.37,3,6,Yes
216,2.36,3,1,Yes
2943,3.83,2,2,No
1461,37.21,3,5,Yes
2672,14.41,2,5,Yes
2267,95.37,0,4,No
734,18.99,2,7,Yes
918,17.16,2,4,Yes
1838,64.16,3,4,Yes
2526,28.05,3,7,Yes
2765,120.78,1,2,No
1464,6.47,2,7,Yes
313,33.58,2,6,Yes
2987,43.73,2,1,No
2563,38.2,2,0,No
2145,73.67,1,4,No
1194,64.51,0,2,No
418,21.69,1,6,No
2347,11.32,3,6,Yes
627,61.65,3,3,Yes
974,22.25,2,7,Yes
2602,60.75,2,4,Yes
1880,94.14,0,1,No
902,26.69,2,6,Yes
1525,7.98,3,0,Yes
1841,16.32,1,0,No
322,51.6,1,0,No
827,16.78,1,2,No
2281,79.91,1,5,Yes
1886,22.97,0,3,No
2470,25.54,2,1,No
2207,11.13,3,7,Yes
1454,19.91,1,3,No
902,74.06,0,0,No
1170,15.24,2,5,Yes
612,15.37,3,6,Yes
2843,9.39,3,7,Yes
102,52.08,0,7,No
1129,4.13,3,4,Yes
214,10.69,2,4,Yes
2640,59.51,1,1,No
1965,104.28,0,3,No
1261,17.04,2,7,Yes
2378,62.64,0,4,No
1126,2.44,2,7,Yes
1400,49.71,1,2,No
1090,29.76,3,2,Yes
2278,5.61,3,2,Yes
189,3.04,0,1,No
1647,12.33,2,2,Yes
839,28.56,2,3,Yes
2928,32.18,1,6,Yes
696,24.22,3,3,Yes
1203,50.05,2,0,Yes
196,46.3,3,2,Yes
1501,4.68,1,4,No
1629,14.04,0,2,No
2261,12.18,3,7,Yes
1332,66.08,0,4,No
754,12.42,2,3,Yes
85,64.51,3,7,Yes
2742,23.61,3,2,Yes
476,281.61,0,4,No
2321,20.21,3,1,Yes
2756,21.44,1,4,No
977,18.87,2,3,Yes
409,25.08,2,7,Yes
2083,308.33,3,7,Yes
1126,12.25,2,7,Yes
117,8.17,3,7,Yes
2852,17.12,3,4,Yes
2722,44.52,0,5,No
348,7.17,1,6,Yes
2183,50.94,2,2,Yes
1235,49.11,1,2,No
208,17.66,3,2,Yes
2405,16.03,3,6,Yes
2560,8.88,1,2,No
67,15.62,1,6,Yes
326,8.76,2,0,Yes
212,82.69,0,4,No
2875,126.0,0,5,No
2790,15.4,2,4,Yes
2515,20.09,2,5,Yes
2055,2.6,1,4,No
286,11.73,1,2,No
790,30.41,0,7,No
1554,28.26,2,4,Yes
1445,23.94,1,6,No
324,52.94,3,5,Yes
754,23.08,1,2,No
2101,13.63,2,5,Yes
2678,121.23,3,5,Yes
336,2.53,1,2,No
2849,5.84,2,7,Yes
958,9.24,0,6,No
222,9.31,3,3,Yes
2746,8.85,2,5,Yes
1577,16.14,3,7,Yes
1993,9.43,0,1,No
560,19.34,3,3,Yes
2729,39.28,3,5,Yes
1219,21.15,2,4,Yes
1122,23.68,2,6,Yes
2226,7.32,0,5,No
2263,5.87,0,1,No
2142,14.79,1,0,No
707,56.25,0,0,No
577,30.74,2,4,Yes
1703,67.0,0,6,No
1003,60.42,3,3,Yes
114,69.63,0,1,No
1281,8.39,3,7,Yes
2326,78.96,2,0,No
1164,46.62,2,3,No
1245,197.36,2,0,No
2049,38.76,3,4,Yes
2917,29.05,0,1,No
2367,17.65,0,4,No
446,24.36,2,4,Yes
1012,3.33,1,0,No
1619,15.48,1,3,Yes
1329,19.52,1,1,No
698,60.11,2,1,No
211,9.93,2,7,Yes
1950,23.53,3,4,Yes
1106,149.95,0,0,No
963,11.41,3,4,Yes
2841,51.16,1,3,No
2487,11.36,1,0,No
1511,18.25,3,4,Yes
2724,33.68,2,4,Yes
1675,53.42,2,0,No
2758,11.89,0,3,No
1822,6.67,3,7,Yes
1069,106.78,0,5,No
1705,24.97,1,5,No
2087,48.44,0,1,No
2415,55.17,0,7,No
2911,46.56,1,1,No
786,15.32,1,3,No
316,17.56,3,6,Yes
956,3.74,3,7,Yes
1735,24.79,0,0,No
2661,12.22,1,2,No
2735,19.87,1,3,No
1504,156.04,1,2,No
146,43.08,3,4,Yes
2879,21.59,2,2,Yes
700,4.64,1,4,No
425,45.02,1,5,No
672,106.69,3,1,Yes
2351,8.33,0,5,No
1603,32.32,2,0,No
1424,11.61,1,6,Yes
1056,17.28,3,6,Yes
1426,13.7,3,2,Yes
2154,3.55,2,4,Yes
2644,11.68,2,7,Yes
2849,3.51,2,0,No
400,91.47,1,3,No
2219,62.98,2,1,Yes
1548,21.34,0,1,No
1122,27.53,2,2,Yes
756,21.66,3,3,Yes
205,25.24,3,4,Yes
1035,25.16,2,0,No
704,15.71,1,5,No
2453,17.0,0,4,No
2675,4.75,3,4,Yes
1200,6.89,0,0,No
1176,10.57,1,5,No
2355,25.48,0,6,No
468,13.62,1,3,No
50,159.89,0,6,No
631,16.59,0,3,No
2998,13.85,1,0,No
1338,32.52,3,7,Yes
2866,61.99,1,6,Yes
110,150.92,1,2,No
2038,58.44,3,6,Yes
796,10.81,0,4,No
598,16.99,2,6,Yes
1912,63.53,2,0,No
1973,27.0,2,4,Yes
2354,48.5,3,1,Yes
578,18.89,1,6,Yes
2526,115.24,3,6,Yes
1126,97.65,2,7,Yes
186,69.09,1,6,Yes
114,24.33,3,7,Yes
271,3.62,3,3,Yes
219,4.81,3,1,Yes
1950,29.27,3,1,Yes
481,41.69,0,0,No
1598,0.9,3,1,Yes
553,12.39,2,6,Yes
2255,71.34,0,5,No
2516,57.74,0,1,No
2513,12.11,3,4,Yes
739,41.06,2,4,Yes
1327,21.39,1,2,No
2478,16.38,2,3,Yes
2431,69.12,2,7,Yes
28,70.62,0,3,No
2002,11.8,2,2,Yes
183,7.51,2,6,Yes
1904,5.09,3,3,Yes
192,4.51,1,0,No
1742,87.22,2,3,Yes
2795,156.23,3,5,Yes
1226,26.17,1,4,No
2453,64.66,3,6,Yes
891,10.01,1,2,No
56,19.4,1,4,No
1559,55.95,1,5,No
2795,29.36,0,6,No
2163,20.14,1,3,No
687,3.51,2,3,Yes
785,4.4,3,5,Yes
800,13.42,3,0,Yes
1706,11.56,2,4,Yes
1757,19.35,1,0,No
1789,10.56,2,4,Yes
622,16.59,2,0,Yes
2208,22.36,1,2,No
2925,36.42,2,0,No
618,22.48,2,5,Yes
1105,11.63,1,5,Yes
1387,15.53,2,5,Yes
1717,55.21,0,0,No
2670,16.77,2,7,Yes
1721,7.41,1,7,Yes
2907,7.09,2,4,Yes
852,28.28,1,1,No
1973,38.0,1,5,Yes
2206,77.4,2,4,Yes
2510,14.77,2,6,Yes
2976,91.0,2,3,Yes
1426,14.35,2,3,Yes
1791,16.21,2,3,Yes
2232,11.31,0,2,No
260,36.43,3,0,Yes
2180,63.76,3,5,Yes
2426,20.2,3,4,Yes
1682,12.13,3,1,Yes
2003,3.97,3,5,Yes
2409,24.27,2,1,No
1474,14.34,2,3,Yes
217,16.68,2,3,Yes
1966,10.52,2,3,Yes
1843,8.1,2,4,Yes
791,13.04,1,3,No
1294,33.3,0,4,No
918,57.4,1,1,No
382,20.34,0,7,No
1550,29.07,0,0,No
1268,16.66,3,1,Yes
214,18.0,1,6,No
866,4.77,2,1,No
1768,52.76,2,3,Yes
185,38.83,1,6,No
555,97.31,0,7,No
822,10.68,2,4,Yes
769,23.55,3,7,Yes
2997,7.66,3,6,Yes
2700,26.56,1,1,No
1015,18.01,3,6,Yes
1767,42.28,2,0,No
1339,17.59,1,5,Yes
739,40.83,1,6,Yes
487,12.18,2,4,Yes
2100,38.78,2,3,Yes
2135,14.9,0,2,No
2989,12.91,3,0,Yes
1062,22.6,1,6,No
2693,30.47,2,5,Yes
2766,4.58,2,6,Yes
2398,4.09,1,1,No
2441,25.19,1,4,Yes
1004,19.39,3,5,Yes
1808,2.36,1,5,Yes
1753,3.35,3,7,Yes
1255,9.09,0,6,No
1759,28.98,2,6,Yes
1346,25.62,1,4,No
274,60.33,0,6,No
1307,71.9,1,7,Yes
2081,257.76,0,0,No
2526,4.44,1,5,Yes
1568,19.78,0,6,No
64,64.26,2,0,No
1570,5.42,2,4,Yes
1143,4.6,0,5,No
2214,25.5,1,5,Yes
2016,66.45,0,4,No
241,78.63,2,4,Yes
2820,3.1,1,0,No
645,5.66,2,7,Yes
1596,18.65,3,3,Yes
2963,11.76,2,0,No
272,29.18,2,2,Yes
906,23.87,1,5,No
2391,135.57,0,4,No
773,19.36,0,7,Yes
1918,25.17,1,3,No
224,22.47,1,3,No
440,67.48,1,3,No
944,6.33,3,6,Yes
1509,31.32,0,5,No
1685,9.1,2,7,Yes
1353,4.57,1,5,No
126,73.25,0,7,No
1750,36.49,0,6,No
874,92.71,1,6,Yes
1292,27.41,0,3,No
776,41.84,1,7,Yes
78,24.2,1,3,No
470,38.51,1,1,No
1082,13.5,2,1,No
2377,130.55,0,4,No
2464,8.15,0,1,No
2887,131.15,3,5,Yes
863,17.06,0,2,No
2747,53.59,3,3,Yes
1263,24.51,0,7,No
1328,34.14,0,4,No
681,104.47,3,0,Yes
208,24.72,2,1,Yes
2336,7.71,1,2,No
1053,27.48,0,1,No
1986,42.67,3,1,Yes
1578,1.52,0,7,No
1370,60.71,3,3,Yes
1146,68.75,2,0,Yes
363,3.18,3,2,Yes
2196,18.04,3,5,Yes
2679,51.52,3,0,Yes
2231,6.13,0,5,No
1431,13.54,0,5,No
2691,14.77,3,5,Yes
2987,38.88,0,6,No
1412,70.67,0,6,No
406,20.6,1,1,No
722,22.8,0,2,No
1991,57.87,0,5,No
2734,38.24,3,7,Yes
1379,18.93,0,3,No
2654,89.51,0,5,No
327,4.62,1,0,No
389,25.09,1,7,Yes
1411,13.51,0,7,No
642,12.35,3,6,Yes
917,26.34,0,0,No
1983,22.16,0,6,No
2803,302.96,2,3,Yes
2464,42.64,0,2,No
759,31.08,2,7,Yes
2880,126.74,1,3,No
48,63.71,0,4,No
73,2.83,1,3,No
2562,24.23,3,4,Yes
575,47.47,1,4,No
2432,11.02,0,5,No
1274,29.19,1,3,No
1696,12.91,3,7,Yes
1657,31.75,1,1,No
1665,3.62,2,6,Yes
2337,2.56,0,2,No
2123,11.62,1,7,Yes
1674,26.88,1,1,No
2530,88.98,0,6,No
1560,15.55,2,7,Yes
275,9.32,2,7,Yes
725,56.61,3,0,Yes
34,21.76,0,2,No
1953,147.96,0,1,No
749,19.0,2,5,Yes
1751,2.53,1,5,Yes
218,8.79,0,7,No
2837,7.42,2,7,Yes
2472,4.6,2,4,Yes
577,8.97,3,0,Yes
1697,9.84,3,4,Yes
383,15.25,0,4,No
2081,11.44,0,3,No
1067,32.29,2,5,Yes
1717,32.44,1,6,Yes
983,25.09,1,2,No
1592,25.65,2,3,Yes
1364,2.67,1,3,No
1140,3.37,3,4,Yes
522,7.94,0,1,No
671,27.23,1,2,No
2123,4.2,1,7,Yes
2660,13.06,3,4,Yes
2469,27.02,1,3,No
1802,178.64,0,7,No
28,27.38,1,6,Yes
2384,11.51,0,7,Yes
2731,67.53,1,2,No
931,25.71,1,6,Yes
280,14.83,3,3,Yes
678,68.84,1,0,No
925,7.54,3,4,Yes
1112,25.18,3,6,Yes
1464,22.27,3,4,Yes
1032,54.49,2,5,Yes
1277,5.83,1,2,No
1121,4.95,2,4,Yes
653,13.25,2,2,No
1863,14.98,2,7,Yes
2190,21.12,2,1,Yes
1777,13.39,1,2,No
2519,32.2,0,7,No
468,42.65,3,3,Yes
690,25.62,0,5,No
491,6.35,2,5,Yes
502,70.48,1,0,No
884,3.76,1,4,No
1561,15.96,1,6,Yes
639,52.73,0,5,No
454,10.18,0,6,No
21,81.63,2,3,Yes
2819,160.75,1,2,No
941,111.13,0,3,No
2555,31.99,0,5,No
1828,58.06,3,7,Yes
2506,11.36,0,5,No
99,30.79,2,4,Yes
1240,32.7,2,6,Yes
2343,22.02,1,5,No
2362,23.54,2,6,Yes
619,15.85,1,0,No
1181,2.33,3,6,Yes
2833,30.78,2,7,Yes
1378,28.01,3,3,Yes
2342,187.21,1,0,No
327,43.27,2,1,No
2028,21.41,2,1,Yes
121,51.7,2,4,Yes
1999,39.29,1,4,Yes
2014,19.53,0,2,No
542,13.12,0,7,No
587,4.0,2,0,No
748,22.75,2,6,Yes
2869,117.7,0,1,No
2806,2.59,1,1,No
1699,7.04,2,1,No
2698,45.5,2,3,No
1733,24.58,3,5,Yes
1799,31.51,1,0,No
2684,2.6,3,7,Yes
1062,10.44,1,0,No
899,34.6,3,5,Yes
1815,37.93,3,7,Yes
42,27.51,1,6,Yes
1047,7.58,1,5,Yes
666,35.94,2,0,No
54,5.38,3,5,Yes
1378,7.11,2,6,Yes
1656,5.56,0,2,No
464,96.41,2,0,No
1711,12.66,2,2,Yes
849,21.13,3,2,Yes
483,1.79,3,0,Yes
2215,65.99,0,4,No
1369,33.03,0,0,No
1137,3.24,1,2,No
2834,3.42,3,1,Yes
1031,122.39,1,1,No
2556,7.05,0,3,No
708,149.37,2,6,Yes
1874,11.87,1,0,No
1599,1.3,0,0,No
513,66.86,2,3,Yes
2986,34.41,2,1,No
2901,41.89,3,7,Yes
515,11.35,3,0,Yes
1073,15.68,3,0,Yes
2532,56.62,0,0,No
294,8.03,0,4,No
2326,2.29,0,1,No
892,53.6,2,1,No
1807,10.02,2,5,Yes
1500,80.13,2,4,No
1633,11.64,2,5,Yes
868,12.37,1,2,No
1564,14.99,3,5,Yes
1582,1.49,3,3,Yes
317,71.84,3,4,Yes
2193,9.9,0,4,No
1711,15.93,2,1,Yes
1430,98.62,3,2,Yes
2967,22.42,2,0,No
755,52.82,1,3,No
2190,28.57,0,6,No
531,46.17,1,2,No
1405,26.8,3,7,Yes
2664,70.29,3,7,Yes
1334,15.7,3,7,Yes
1301,32.82,2,2,No
2610,9.08,1,4,No
942,72.86,0,5,No
28,1.8,3,6,Yes
133,24.29,1,7,Yes
607,29.45,0,3,No
1676,28.85,1,1,No
2872,19.65,0,0,No
2877,86.37,2,6,Yes
1964,202.67,2,0,Yes
885,10.3,3,4,Yes
2484,2.43,3,0,Yes
1115,5.99,0,2,No
1606,8.11,2,7,Yes
2384,17.07,0,2,No
133,18.65,2,7,Yes
1583,64.85,3,2,Yes
1613,12.39,1,6,Yes
748,19.02,0,5,No
1893,22.35,3,4,Yes
2158,7.54,3,1,Yes
274,13.97,0,4,No
2818,410.28,1,1,No
1447,17.89,0,6,No
2104,6.87,2,5,Yes
2828,1.81,3,2,Yes
2520,61.96,3,1,Yes
196,13.88,3,7,Yes
1530,9.85,0,0,No
147,291.18,3,0,Yes
2947,95.59,2,5,Yes
318,3.01,2,7,Yes
344,13.5,3,2,Yes
2049,59.28,0,6,No
1181,49.54,0,1,No
2679,5.81,1,5,No
931,139.53,0,0,No
477,151.32,2,5,Yes
1487,5.84,0,3,No
2535,2.83,2,6,Yes
1821,4.28,0,4,No
673,41.09,2,3,Yes
2207,64.61,3,3,Yes
1619,24.15,2,2,Yes
1898,10.23,2,4,Yes
2293,17.77,0,3,No
2175,36.59,1,4,No
361,5.18,1,4,No
242,3.04,2,7,Yes
1437,17.88,0,6,No
1212,76.3,3,3,Yes
2601,24.21,0,2,No
617,24.29,0,7,No
1071,9.34,2,2,Yes
652,53.92,3,3,Yes
2394,2.99,1,1,No
1001,18.22,1,1,No
1368,10.19,0,7,No
2313,16.5,0,4,No
2830,7.05,0,6,No
421,44.47,0,6,No
1207,17.9,2,6,Yes
2390,10.11,1,2,No
2469,34.07,3,7,Yes
2410,18.36,1,1,No
236,10.97,3,4,Yes
1989,10.14,2,1,Yes
1023,45.64,2,4,Yes
621,6.9,3,6,Yes
445,15.16,3,3,Yes
2932,14.4,2,2,Yes
1217,27.3,1,3,No
2080,15.62,0,2,No
1221,207.13,0,1,No
2804,2.83,0,2,No
729,37.04,1,1,No
2648,18.62,3,2,Yes
1263,65.31,3,4,Yes
2533,3.23,3,0,Yes
2048,73.49,1,7,Yes
1967,4.21,2,0,No
1736,41.18,3,2,Yes
276,33.79,0,1,No
737,19.91,2,4,Yes
350,8.55,1,0,No
2136,7.84,3,5,Yes
469,21.42,2,0,No
2129,8.42,1,0,No
16,2.25,3,4,Yes
1271,2.63,1,0,No
2300,46.37,3,4,Yes
1383,47.66,0,4,No
2918,34.01,2,7,Yes
527,20.36,1,7,Yes
1210,29.4,3,2,Yes
2505,33.39,0,2,No
1994,25.58,1,0,No
1076,8.13,3,1,Yes
1251,8.68,2,7,Yes
886,5.48,1,4,No
2344,23.01,2,3,No
2786,6.55,1,1,No
1678,16.38,0,4,No
923,82.98,0,2,No
16,12.92,2,3,Yes
601,56.97,3,0,Yes
2576,108.89,0,5,No
1153,2.64,0,0,No
2864,4.05,3,3,Yes
1551,33.08,0,5,No
2267,9.02,2,7,Yes
1846,35.49,3,0,Yes
2159,42.95,3,4,Yes
1201,11.22,1,3,Yes
1468,49.09,1,5,No
2055,134.83,1,2,No
1168,56.77,3,5,Yes
78,7.59,3,3,Yes
748,16.94,0,6,No
2780,11.03,0,3,No
532,111.89,0,4,No
1389,16.14,3,7,Yes
1468,9.36,3,4,Yes
1351,21.07,2,4,Yes
1961,35.29,0,6,No
1345,13.28,2,5,Yes
2525,22.6,2,6,Yes
834,20.14,0,7,No
1724,45.41,2,2,Yes
2446,58.89,2,6,Yes
2924,27.32,1,0,No
1364,12.1,2,4,Yes
2425,31.67,1,0,No
295,7.61,0,2,No
1730,66.24,0,0,No
1056,29.86,3,6,Yes
2578,26.66,1,0,No
1460,1.42,2,6,Yes
1290,276.61,3,4,Yes
1085,101.32,0,4,No
1011,82.87,3,1,Yes
316,23.61,2,6,Yes
1440,43.09,1,3,No
2667,477.9,3,0,Yes
1593,9.76,1,1,No
461,47.16,3,4,Yes
2572,40.36,2,0,No
2189,24.39,2,6,Yes
123,30.9,0,2,No
1278,7.15,0,0,No
1971,42.98,1,6,Yes
1491,5.01,2,4,Yes
1043,159.24,3,6,Yes
2034,51.28,1,0,No
2843,8.36,0,4,No
60,2.14,2,5,Yes
976,24.04,0,6,No
1473,37.52,3,4,Yes
441,7.2,1,7,Yes
1382,136.41,2,1,No
1291,29.16,0,0,No
1292,13.01,1,1,No
1963,4.67,0,4,No
13,19.07,3,4,Yes
1371,17.52,2,4,Yes
43,44.64,3,4,Yes
2096,69.29,2,6,Yes
1474,22.62,1,2,No
623,36.34,0,0,No
1372,104.94,3,3,Yes
2805,43.23,1,1,No
1010,16.49,0,2,No
894,43.3,0,2,No
357,12.35,0,1,No
1535,36.03,3,6,Yes
1098,23.18,2,5,Yes
2835,6.55,1,0,No
2021,42.58,1,5,No
1499,24.04,1,7,Yes
2460,49.0,2,6,Yes
2330,5.09,1,0,No
2295,74.05,0,7,No
1991,77.61,3,5,Yes
15,14.86,0,7,Yes
20,19.6,2,7,Yes
1022,22.98,1,4,No
1803,21.28,1,4,Yes
1472,54.5,1,6,Yes
1923,9.9,0,3,No
2444,6.12,2,2,No
2153,16.55,0,2,No
1698,174.04,1,7,Yes
2515,14.01,2,4,Yes
2407,7.14,1,6,Yes
2879,7.78,2,3,Yes
2070,25.61,3,5,Yes
2131,77.56,0,7,No
226,9.44,0,1,No
2686,25.65,3,3,Yes
2943,26.75,2,7,Yes
2973,35.24,3,6,Yes
1677,24.73,2,0,No
908,66.93,0,4,No
1814,44.82,2,5,Yes
2377,10.69,3,7,Yes
784,303.07,0,2,No
380,4.69,2,1,Yes
2710,4.93,3,2,Yes
2267,65.57,3,0,Yes
2994,25.75,3,0,Yes
2908,15.96,2,0,Yes
1035,26.14,3,7,Yes
1165,44.56,2,4,Yes
1472,13.14,2,2,No
147,10.4,1,6,Yes
199,6.59,3,0,Yes
2454,8.09,3,4,Yes
2292,8.65,3,3,Yes
357,73.46,3,4,Yes
1933,28.3,1,4,No
1960,37.83,2,3,Yes
708,11.19,2,2,Yes
2841,65.82,3,7,Yes
2491,3.73,3,6,Yes
624,34.96,1,5,Yes
1645,44.51,0,1,No
1644,10.95,2,0,No
2787,6.69,3,2,Yes
1661,36.65,0,4,No
2462,9.46,1,2,No
2718,7.71,2,4,Yes
310,20.13,2,6,Yes
101,6.02,3,7,Yes
719,17.72,2,3,Yes
279,191.33,1,5,No
2546,12.73,0,4,No
2848,55.86,1,7,Yes
104,6.46,0,6,No
2216,22.55,3,3,Yes
399,15.27,3,2,Yes
1192,17.11,2,4,Yes
2759,47.28,3,3,Yes
787,218.51,2,1,No
2433,17.87,3,2,Yes
548,86.24,2,7,Yes
772,30.19,2,5,Yes
893,46.16,0,2,No
1022,12.26,1,4,No
2223,9.43,0,1,No
123,16.45,3,7,Yes
2892,8.77,2,6,Yes
389,20.29,3,4,Yes
2998,6.42,0,6,No
43,20.6,3,6,Yes
2290,24.88,3,7,Yes
1765,151.0,3,0,Yes
1465,136.48,0,2,No
1835,35.91,0,6,No
1025,11.8,3,3,Yes
440,40.02,2,7,Yes
2351,50.37,3,3,Yes
2501,16.54,3,6,Yes
187,8.07,1,0,No
1467,2.86,3,0,Yes
1662,19.67,3,2,Yes
1802,170.01,3,1,Yes
1748,16.36,2,1,Yes
1990,31.38,2,0,No
1764,30.7,2,2,No
623,35.01,0,2,No
605,48.13,3,5,Yes
2413,2.27,0,1,No
2675,17.43,3,3,Yes
1238,31.15,3,6,Yes
219,18.66,3,0,Yes
1499,78.46,1,2,No
479,13.7,0,1,No
387,56.92,0,1,No
2432,144.21,1,7,Yes
772,15.67,2,2,Yes
729,21.4,2,7,Yes
1371,15.05,3,1,Yes
