customer_id,age,income,region,plan,churned
C00000,50,8430.55,,Pro,No
C00001,56,10153.75,North,Basic,No
C00002,55,,West,Basic,Yes
C00003,42,16198.82,West,Enterprise,Yes
C00004,86,28447.13,East,Basic,Yes
C00005,44,26130.7,South,Basic,Yes
C00006,65,25552.18,East,Pro,Yes
C00007,44,38188.46,North,Basic,Yes
C00008,50,24546.46,West,Enterprise,Yes
C00009,89,8215.72,North,Basic,No
C00010,31,14639.49,,Pro,Yes
C00011,63,59608.91,,Basic,Yes
C00012,48,,,Enterprise,Yes
C00013,66,49871.19,East,Basic,Yes
C00014,72,59364.49,West,Basic,Yes
C00015,41,15412.54,West,Pro,Yes
C00016,66,27079.96,West,Basic,Yes
C00017,66,9495.45,West,Basic,No
C00018,50,,West,Pro,Yes
C00019,26,,West,Pro,Yes
C00020,62,10033.96,North,Pro,No
C00021,21,17399.15,North,Basic,Yes
C00022,81,16740.18,,Pro,Yes
C00023,79,15503.27,South,Basic,Yes
C00024,78,24779.15,East,Basic,Yes
C00025,18,19902.64,West,Basic,Yes
C00026,87,14793.04,North,Basic,Yes
C00027,88,38920.6,West,Basic,Yes
C00028,60,94174.84,South,Pro,Yes
C00029,77,22903.06,North,Basic,Yes
C00030,73,14434.23,North,Enterprise,Yes
C00031,74,12140.9,East,Basic,Yes
C00032,29,31381.53,West,Pro,Yes
C00033,21,18883.95,North,Basic,Yes
C00034,37,22226.36,West,Basic,Yes
C00035,32,6655.34,North,Basic,No
C00036,57,11167.48,South,Pro,Yes
C00037,79,10967.06,West,Basic,Yes
C00038,71,38800.98,East,Basic,Yes
C00039,49,18728.34,South,Basic,Yes
C00040,57,4957.62,West,Basic,No
C00041,63,29411.42,West,Pro,Yes
C00042,73,43455.77,West,Basic,Yes
C00043,26,,North,Pro,Yes
C00044,74,4100.65,South,Pro,No
C00045,31,24140.44,,Basic,Yes
C00046,59,35836.33,South,Basic,Yes
C00047,53,31678.23,West,Basic,Yes
C00048,79,19118.22,East,Enterprise,Yes
C00049,72,7474.08,South,Pro,No
C00050,30,16980.73,North,Enterprise,Yes
C00051,56,18140.85,East,Pro,Yes
C00052,21,31080.09,South,Basic,Yes
C00053,25,32332.72,South,Basic,Yes
C00054,51,19042.08,West,Pro,Yes
C00055,80,36616.72,East,Basic,Yes
C00056,33,11684.62,,Enterprise,Yes
C00057,28,14623.97,East,Enterprise,Yes
C00058,86,21619.92,East,Basic,Yes
C00059,49,31074.87,East,Pro,Yes
C00060,26,,South,Basic,Yes
C00061,60,46091.7,East,Basic,Yes
C00062,41,,North,Basic,Yes
C00063,40,12462.91,North,Pro,Yes
C00064,48,,West,Pro,Yes
C00065,48,,South,Basic,Yes
C00066,76,12362.98,West,Enterprise,Yes
C00067,81,9354.02,West,Pro,Yes
C00068,36,50947.08,North,Pro,Yes
C00069,50,,South,Basic,Yes
C00070,66,8430.86,North,Pro,No
C00071,56,,South,Basic,Yes
C00072,58,39205.57,West,Pro,Yes
C00073,87,17711.83,South,Pro,Yes
C00074,34,29861.14,West,Basic,Yes
C00075,37,84709.12,West,Basic,Yes
C00076,72,26153.51,East,Pro,Yes
C00077,82,,South,Pro,Yes
C00078,47,43192.07,West,Basic,Yes
C00079,44,11839.58,,Basic,Yes
C00080,74,10305.64,East,Basic,No
C00081,40,9455.52,South,Basic,No
C00082,52,21029.83,,Basic,Yes
C00083,81,37184.9,North,Basic,Yes
C00084,45,,East,Pro,Yes
C00085,22,9686.49,South,Pro,No
C00086,55,,East,Pro,Yes
C00087,80,17860.58,North,Basic,Yes
C00088,77,,West,Pro,Yes
C00089,77,,West,Basic,Yes
C00090,73,20143.95,West,Basic,Yes
C00091,82,21422.52,West,Pro,Yes
C00092,40,23047.25,North,Basic,Yes
C00093,22,12665.57,West,Pro,Yes
C00094,69,11510.12,,Pro,Yes
C00095,35,58636.68,East,Pro,Yes
C00096,68,,South,Basic,Yes
C00097,73,,East,Enterprise,Yes
C00098,52,8518.37,West,Pro,No
C00099,49,23080.81,East,Basic,Yes
C00100,57,,North,Pro,Yes
C00101,18,8584.24,West,Basic,No
C00102,82,16955.47,West,Pro,Yes
C00103,67,17779.23,North,Basic,Yes
C00104,19,13119.65,North,Pro,Yes
C00105,75,13757.73,North,Basic,Yes
C00106,80,,East,Pro,Yes
C00107,88,17353.74,,Pro,Yes
C00108,53,,North,Pro,Yes
C00109,28,63843.39,South,Basic,Yes
C00110,45,13679.16,,Basic,Yes
C00111,36,,East,Basic,Yes
C00112,85,,East,Basic,Yes
C00113,78,,West,Basic,Yes
C00114,51,25866.88,South,Enterprise,Yes
C00115,24,27393.94,North,Pro,Yes
C00116,31,10517.22,,Basic,No
C00117,37,12975.0,West,Basic,Yes
C00118,70,,,Basic,Yes
C00119,50,48515.69,East,Pro,Yes
C00120,32,32408.51,East,Basic,Yes
C00121,48,15463.42,,Basic,Yes
C00122,28,,North,Basic,Yes
C00123,57,12100.45,South,Pro,Yes
C00124,35,11192.58,North,Basic,Yes
C00125,80,32646.05,East,Basic,Yes
C00126,55,14045.38,North,Basic,Yes
C00127,63,16697.84,East,Enterprise,Yes
C00128,88,34026.23,East,Basic,Yes
C00129,65,,North,Basic,Yes
C00130,40,23001.85,West,Basic,Yes
C00131,60,29697.8,East,Basic,Yes
C00132,23,22299.14,South,Basic,Yes
C00133,33,6937.51,North,Pro,No
C00134,39,21129.52,North,Basic,Yes
C00135,50,,South,Pro,Yes
C00136,62,17836.75,East,Enterprise,Yes
C00137,89,25518.6,East,Pro,Yes
C00138,30,15698.31,,Pro,Yes
C00139,83,,West,Basic,Yes
C00140,28,19896.5,North,Basic,Yes
C00141,73,24366.1,West,Basic,Yes
C00142,84,26882.12,East,Basic,Yes
C00143,56,19874.86,South,Basic,Yes
C00144,53,32535.96,North,Basic,Yes
C00145,80,,North,Basic,Yes
C00146,24,32216.99,East,Pro,Yes
C00147,63,14371.28,West,Pro,Yes
C00148,82,12743.63,,Basic,Yes
C00149,46,15217.91,North,Basic,Yes
C00150,38,21936.79,East,Basic,Yes
C00151,55,,East,Basic,Yes
C00152,22,13110.47,South,Pro,Yes
C00153,32,,North,Enterprise,Yes
C00154,49,14496.91,North,Pro,Yes
C00155,59,12473.24,West,Basic,Yes
C00156,63,,North,Enterprise,Yes
C00157,40,28413.51,North,Enterprise,Yes
C00158,31,,South,Enterprise,Yes
C00159,74,11987.75,West,Pro,Yes
C00160,21,13592.2,West,Basic,Yes
C00161,77,18153.09,North,Basic,Yes
C00162,27,58858.4,South,Enterprise,Yes
C00163,89,59678.54,East,Pro,Yes
C00164,48,15013.53,West,Basic,Yes
C00165,78,31825.18,West,Basic,Yes
C00166,33,79323.35,North,Basic,Yes
C00167,22,11773.02,North,Pro,Yes
C00168,59,19501.04,East,Pro,Yes
C00169,70,47761.35,South,Pro,Yes
C00170,45,33818.37,West,Basic,Yes
C00171,76,12047.03,South,Basic,Yes
C00172,40,54633.08,,Basic,Yes
C00173,80,39597.52,West,Basic,Yes
C00174,24,33264.37,West,Pro,Yes
C00175,53,10410.72,East,Basic,Yes
C00176,74,19878.58,West,Enterprise,Yes
C00177,52,48488.92,West,Basic,Yes
C00178,69,29509.34,South,Pro,Yes
C00179,56,35509.8,West,Basic,Yes
C00180,44,,East,Basic,Yes
C00181,29,54514.54,East,Pro,Yes
C00182,77,19019.44,,Pro,Yes
C00183,86,38282.18,West,Pro,Yes
C00184,48,26709.72,South,Basic,Yes
C00185,89,12320.21,East,Enterprise,Yes
C00186,20,53662.71,West,Basic,Yes
C00187,36,10315.22,South,Basic,No
C00188,60,14128.25,West,Basic,Yes
C00189,86,,West,Basic,Yes
C00190,56,9450.63,West,Basic,No
C00191,32,7426.36,South,Pro,No
C00192,39,20453.92,West,Enterprise,Yes
C00193,24,16975.87,South,Basic,Yes
C00194,75,18589.19,East,Pro,Yes
C00195,70,29631.43,South,Enterprise,Yes
C00196,87,85139.5,South,Pro,Yes
C00197,76,,North,Basic,Yes
C00198,20,95204.39,South,Basic,Yes
C00199,32,25284.13,South,Enterprise,Yes
C00200,67,20624.66,South,Pro,Yes
C00201,86,,South,Pro,Yes
C00202,67,8689.92,West,Enterprise,No
C00203,46,25461.51,,Basic,Yes
C00204,70,30353.12,East,Pro,Yes
C00205,31,13151.22,West,Pro,Yes
C00206,76,25976.09,East,Pro,Yes
C00207,39,37108.24,East,Pro,Yes
C00208,68,15389.67,West,Basic,Yes
C00209,26,8149.72,West,Basic,No
C00210,70,,South,Basic,Yes
C00211,73,17965.39,East,Basic,Yes
C00212,82,25551.23,East,Basic,Yes
C00213,38,34306.61,West,Basic,Yes
C00214,73,12330.8,North,Pro,Yes
C00215,67,21968.12,North,Basic,Yes
C00216,62,18405.61,South,Pro,Yes
C00217,51,21962.93,South,Pro,Yes
C00218,54,41677.92,West,Pro,Yes
C00219,26,46881.38,West,Basic,Yes
C00220,44,16161.89,North,Basic,Yes
C00221,60,14939.47,South,Basic,Yes
C00222,35,,North,Basic,Yes
C00223,87,15689.38,North,Enterprise,Yes
C00224,52,16793.71,East,Pro,Yes
C00225,31,19454.86,North,Pro,Yes
C00226,87,15916.42,,Basic,Yes
C00227,87,,North,Pro,Yes
C00228,50,10680.59,South,Pro,No
C00229,26,22315.72,,Basic,Yes
C00230,28,93439.69,North,Pro,Yes
C00231,59,30164.42,West,Pro,Yes
C00232,33,31874.37,East,Enterprise,Yes
C00233,30,26645.3,South,Basic,Yes
C00234,83,,South,Enterprise,Yes
C00235,89,71834.48,East,Pro,Yes
C00236,83,17888.18,South,Basic,Yes
C00237,57,12029.87,South,Pro,Yes
C00238,25,,East,Pro,Yes
C00239,80,24143.76,South,Basic,Yes
C00240,49,11866.33,West,Basic,Yes
C00241,68,12782.83,North,Basic,Yes
C00242,50,12810.45,South,Basic,Yes
C00243,50,9799.93,West,Basic,No
C00244,75,23879.83,West,Basic,Yes
C00245,36,7878.2,South,Pro,No
C00246,48,85012.05,South,Basic,Yes
C00247,80,,East,Pro,Yes
C00248,37,,East,Basic,Yes
C00249,81,22463.63,East,Basic,Yes
C00250,77,27829.99,West,Pro,Yes
C00251,74,17642.27,West,Pro,Yes
C00252,37,25764.46,South,Enterprise,Yes
C00253,76,24164.28,West,Pro,Yes
C00254,21,,East,Basic,Yes
C00255,21,31029.02,West,Pro,Yes
C00256,26,25314.97,West,Pro,Yes
C00257,33,20635.85,,Basic,Yes
C00258,62,20157.58,North,Basic,Yes
C00259,57,37344.43,West,Basic,Yes
C00260,47,19685.75,South,Pro,Yes
C00261,23,30999.73,North,Basic,Yes
C00262,42,56912.13,South,Basic,Yes
C00263,60,27815.21,East,Basic,Yes
C00264,84,45604.17,West,Pro,Yes
C00265,86,17064.38,South,Basic,Yes
C00266,34,26056.08,West,Pro,Yes
C00267,43,30065.38,North,Basic,Yes
C00268,40,25432.96,North,Basic,Yes
C00269,67,,West,Basic,Yes
C00270,36,51502.72,,Enterprise,Yes
C00271,32,18318.05,North,Basic,Yes
C00272,77,14798.19,North,Pro,Yes
C00273,75,26917.39,South,Basic,Yes
C00274,71,,West,Basic,Yes
C00275,82,21889.8,South,Pro,Yes
C00276,72,45095.6,North,Pro,Yes
C00277,76,21885.83,South,Basic,Yes
C00278,41,30587.02,South,Basic,Yes
C00279,49,27737.27,South,Basic,Yes
C00280,37,45324.76,South,Basic,Yes
C00281,43,29844.78,,Pro,Yes
C00282,38,24881.19,East,Basic,Yes
C00283,24,2985.28,West,Basic,No
C00284,28,,West,Basic,Yes
C00285,79,33635.88,East,Basic,Yes
C00286,83,20116.79,West,Basic,Yes
C00287,83,13962.63,East,Basic,Yes
C00288,54,37596.53,South,Basic,Yes
C00289,58,12831.92,North,Basic,Yes
C00290,40,,North,Basic,Yes
C00291,73,32711.42,North,Pro,Yes
C00292,45,15900.17,West,Basic,Yes
C00293,34,23976.02,East,Basic,Yes
C00294,30,21351.56,South,Pro,Yes
C00295,72,10485.13,East,Enterprise,Yes
C00296,55,15666.24,North,Basic,Yes
C00297,35,,West,Basic,Yes
C00298,44,14509.56,East,Pro,Yes
C00299,70,41161.57,South,Basic,Yes
C00300,30,21031.16,East,Pro,Yes
C00301,18,,East,Basic,Yes
C00302,31,,South,Pro,Yes
C00303,45,17488.13,South,Basic,Yes
C00304,37,46534.38,South,Basic,Yes
C00305,35,17631.46,North,Enterprise,Yes
C00306,48,,East,Basic,Yes
C00307,20,27735.81,West,Pro,Yes
C00308,45,,North,Basic,Yes
C00309,36,11939.59,West,Enterprise,Yes
C00310,23,29198.48,East,Basic,Yes
C00311,84,7696.45,South,Pro,No
C00312,84,29767.64,South,Basic,Yes
C00313,39,,West,Basic,Yes
C00314,24,35388.66,South,Basic,Yes
C00315,26,16759.04,West,Enterprise,Yes
C00316,30,20133.51,West,Pro,Yes
C00317,66,39916.69,North,Basic,Yes
C00318,71,11670.58,West,Basic,Yes
C00319,73,21947.48,East,Pro,Yes
C00320,74,,West,Pro,Yes
C00321,42,28947.61,South,Basic,Yes
C00322,39,32853.85,West,Pro,Yes
C00323,84,25376.5,South,Basic,Yes
C00324,80,24199.66,South,Pro,Yes
C00325,68,16781.03,West,Basic,Yes
C00326,49,30763.08,South,Enterprise,Yes
C00327,56,18594.39,South,Basic,Yes
C00328,32,,,Basic,Yes
C00329,82,23953.15,West,Pro,Yes
C00330,40,9494.87,North,Pro,No
C00331,76,10900.34,West,Basic,Yes
C00332,44,24505.5,South,Pro,Yes
C00333,61,21252.26,North,Pro,Yes
C00334,31,45556.91,South,Basic,Yes
C00335,36,5014.89,,Pro,No
C00336,76,24413.06,West,Basic,Yes
C00337,55,41354.99,West,Pro,Yes
C00338,76,22769.39,West,Pro,Yes
C00339,62,34421.26,,Basic,Yes
C00340,80,,North,Basic,Yes
C00341,82,20880.34,,Basic,Yes
C00342,62,37079.65,South,Basic,Yes
C00343,85,,East,Pro,Yes
C00344,57,5657.39,,Pro,No
C00345,22,28751.11,South,Pro,Yes
C00346,35,23266.58,West,Pro,Yes
C00347,55,23147.95,South,Pro,Yes
C00348,25,,North,Pro,Yes
C00349,85,,East,Enterprise,Yes
C00350,23,16399.37,North,Basic,Yes
C00351,49,28688.36,East,Pro,Yes
C00352,63,26118.88,South,Pro,Yes
C00353,72,10916.37,North,Basic,Yes
C00354,26,19803.44,South,Pro,Yes
C00355,34,,West,Pro,Yes
C00356,49,13533.3,East,Basic,Yes
C00357,80,40411.36,West,Basic,Yes
C00358,51,18139.94,,Pro,Yes
C00359,30,35087.57,North,Basic,Yes
C00360,29,51782.02,South,Basic,Yes
C00361,36,,West,Basic,Yes
C00362,45,9862.92,South,Basic,No
C00363,35,30931.13,West,Pro,Yes
C00364,75,19461.81,West,Basic,Yes
C00365,28,29667.96,East,Pro,Yes
C00366,67,61253.47,,Basic,Yes
C00367,66,,South,Enterprise,Yes
C00368,49,36563.36,East,Pro,Yes
C00369,78,18755.7,North,Enterprise,Yes
C00370,38,,North,Basic,Yes
C00371,29,29034.91,North,Pro,Yes
C00372,40,25551.9,East,Pro,Yes
C00373,32,41713.17,West,Pro,Yes
C00374,18,26426.28,West,Basic,Yes
C00375,46,,North,Basic,Yes
C00376,19,30009.58,,Basic,Yes
C00377,39,7935.2,East,Pro,No
C00378,88,17701.62,West,Basic,Yes
C00379,63,18135.1,East,Basic,Yes
C00380,73,37480.01,East,Pro,Yes
C00381,26,11756.91,South,Pro,Yes
C00382,89,24639.45,South,Basic,Yes
C00383,59,17209.47,East,Pro,Yes
C00384,29,7432.4,South,Pro,No
C00385,54,20123.26,West,Pro,Yes
C00386,87,,,Pro,Yes
C00387,26,17708.36,East,Pro,Yes
C00388,49,38383.07,North,Basic,Yes
C00389,50,27782.72,East,Pro,Yes
C00390,77,26586.27,South,Pro,Yes
C00391,44,16255.84,East,Basic,Yes
C00392,85,20014.33,West,Pro,Yes
C00393,22,29165.57,East,Pro,Yes
C00394,78,22369.08,North,Basic,Yes
C00395,41,10572.44,East,Basic,Yes
C00396,56,19884.71,South,Enterprise,Yes
C00397,64,28000.33,West,Pro,Yes
C00398,70,43220.63,North,Basic,Yes
C00399,81,36485.47,West,Basic,Yes
C00400,56,,North,Basic,Yes
C00401,86,33474.21,East,Pro,Yes
C00402,62,8440.05,South,Basic,No
C00403,71,14966.91,West,Basic,Yes
C00404,84,13562.81,West,Pro,Yes
C00405,47,54845.74,North,Pro,Yes
C00406,82,,South,Basic,Yes
C00407,28,26364.5,South,Pro,Yes
C00408,60,15228.58,South,Pro,Yes
C00409,67,46345.93,South,Basic,Yes
C00410,26,19058.67,East,Basic,Yes
C00411,59,29305.86,West,Basic,Yes
C00412,76,42797.31,North,Basic,Yes
C00413,80,18478.88,South,Basic,Yes
C00414,51,30570.55,South,Basic,Yes
C00415,36,6764.63,South,Basic,No
C00416,26,31307.22,East,Enterprise,Yes
C00417,65,8021.9,South,Pro,No
C00418,56,28348.08,North,Pro,Yes
C00419,24,26376.13,North,Basic,Yes
C00420,49,29530.61,East,Basic,Yes
C00421,40,88717.1,South,Basic,Yes
C00422,22,5000.01,West,Basic,No
C00423,49,29220.38,East,Pro,Yes
C00424,46,17525.1,North,Basic,Yes
C00425,75,34948.61,South,Basic,Yes
C00426,64,26832.1,South,Basic,Yes
C00427,43,23693.71,North,Basic,Yes
C00428,69,16468.07,East,Pro,Yes
C00429,62,14543.87,East,Basic,Yes
C00430,57,27533.47,,Pro,Yes
C00431,88,9020.92,West,Basic,No
C00432,18,42399.68,West,Basic,Yes
C00433,86,15797.01,East,Basic,Yes
C00434,80,29382.51,South,Basic,Yes
C00435,52,10974.14,East,Pro,Yes
C00436,19,29397.16,West,Basic,Yes
C00437,33,19432.95,North,Pro,Yes
C00438,82,35491.64,South,Basic,Yes
C00439,62,46582.39,East,Basic,Yes
C00440,75,16160.43,West,Basic,Yes
C00441,75,23820.92,East,Pro,Yes
C00442,23,25874.46,South,Basic,Yes
C00443,60,53546.63,North,Pro,Yes
C00444,76,10289.74,North,Enterprise,Yes
C00445,71,31994.92,South,Basic,Yes
C00446,88,,West,Enterprise,Yes
C00447,33,10906.67,West,Basic,No
C00448,64,18389.3,North,Basic,Yes
C00449,38,15023.35,South,Basic,Yes
C00450,53,43528.56,South,Basic,Yes
C00451,29,12759.19,North,Enterprise,Yes
C00452,29,41380.6,South,Pro,Yes
C00453,22,17061.92,East,Basic,Yes
C00454,88,33786.05,,Enterprise,Yes
C00455,51,8077.24,,Basic,No
C00456,57,14253.04,West,Pro,Yes
C00457,73,24791.49,South,Enterprise,Yes
C00458,25,13005.84,East,Basic,Yes
C00459,44,8857.05,East,Basic,No
C00460,31,22792.13,North,Pro,Yes
C00461,86,36000.11,North,Basic,Yes
C00462,23,22663.97,South,Basic,Yes
C00463,43,19840.25,South,Basic,Yes
C00464,18,28726.71,West,Pro,Yes
C00465,45,17452.71,North,Basic,Yes
C00466,59,39178.78,West,Basic,Yes
C00467,79,43657.15,South,Basic,Yes
C00468,25,10499.87,South,Basic,No
C00469,65,,West,Enterprise,Yes
C00470,62,33936.86,West,Basic,Yes
C00471,56,26823.1,East,Enterprise,Yes
C00472,63,34135.07,West,Basic,Yes
C00473,35,53212.85,,Basic,Yes
C00474,18,,East,Pro,Yes
C00475,24,59841.0,East,Pro,Yes
C00476,21,19594.5,West,Basic,Yes
C00477,29,50616.38,South,Basic,Yes
C00478,89,,West,Basic,Yes
C00479,29,38974.33,East,Pro,Yes
C00480,34,34740.27,South,Enterprise,Yes
C00481,48,,West,Enterprise,Yes
C00482,39,13321.0,,Basic,Yes
C00483,41,54125.59,East,Basic,Yes
C00484,48,49096.08,North,Basic,Yes
C00485,57,25880.8,East,Enterprise,Yes
C00486,56,9749.72,East,Basic,No
C00487,36,27803.37,West,Basic,Yes
C00488,86,13733.4,North,Basic,Yes
C00489,67,8935.08,South,Enterprise,No
C00490,55,14835.84,West,Basic,Yes
C00491,86,92878.01,East,Basic,Yes
C00492,45,9385.37,West,Pro,No
C00493,76,18438.92,East,Basic,Yes
C00494,31,25266.79,South,Pro,Yes
C00495,59,39564.09,West,Basic,Yes
C00496,49,12323.35,North,Basic,Yes
C00497,36,12417.26,South,Pro,Yes
C00498,59,37949.29,East,Pro,Yes
C00499,74,26165.24,West,Pro,Yes
C00500,82,46463.94,West,Basic,Yes
C00501,78,11050.45,West,Basic,No
C00502,51,20715.96,North,Basic,Yes
C00503,24,38471.5,East,Enterprise,Yes
C00504,24,23734.58,South,Basic,Yes
C00505,78,11229.8,South,Basic,No
C00506,88,23674.64,North,Basic,Yes
C00507,84,,South,Pro,Yes
C00508,39,13864.37,South,Basic,Yes
C00509,32,34834.29,East,Pro,Yes
C00510,27,,North,Basic,Yes
C00511,31,27886.12,East,Pro,Yes
C00512,60,33100.49,West,Basic,Yes
C00513,70,8871.56,West,Basic,No
C00514,79,14789.29,North,Basic,Yes
C00515,52,40814.36,East,Basic,Yes
C00516,74,,West,Pro,Yes
C00517,23,28627.09,East,Pro,Yes
C00518,52,,North,Basic,Yes
C00519,62,12292.98,West,Basic,Yes
C00520,73,44898.23,North,Pro,Yes
C00521,77,41910.17,South,Pro,Yes
C00522,57,10596.81,South,Pro,Yes
C00523,70,23746.51,East,Basic,Yes
C00524,62,50085.34,North,Basic,Yes
C00525,21,50752.78,South,Basic,Yes
C00526,46,16013.48,West,Pro,Yes
C00527,21,19679.39,West,Basic,Yes
C00528,74,28920.31,South,Pro,Yes
C00529,55,11361.07,West,Enterprise,Yes
C00530,38,,East,Basic,Yes
C00531,65,14539.7,North,Basic,Yes
C00532,85,45111.75,West,Basic,Yes
C00533,84,41930.64,,Basic,Yes
C00534,78,29048.57,East,Basic,Yes
C00535,69,10816.82,East,Basic,No
C00536,25,6719.49,North,Basic,No
C00537,66,11635.25,South,Basic,Yes
C00538,73,22064.26,West,Pro,Yes
C00539,81,39829.03,North,Enterprise,Yes
C00540,61,12622.5,East,Basic,Yes
C00541,47,22312.7,South,Basic,Yes
C00542,46,,North,Basic,Yes
C00543,30,5995.73,East,Enterprise,No
C00544,79,21062.08,South,Enterprise,Yes
C00545,26,10333.77,East,Pro,No
C00546,51,11272.67,North,Basic,Yes
C00547,43,5365.49,East,Pro,No
C00548,47,,West,Enterprise,Yes
C00549,80,7069.76,South,Enterprise,No
C00550,76,20940.18,South,Pro,Yes
C00551,57,8376.15,,Basic,No
C00552,58,16266.18,West,Basic,Yes
C00553,21,,East,Pro,Yes
C00554,68,23550.14,South,Basic,Yes
C00555,83,21860.03,East,Basic,Yes
C00556,52,34777.53,North,Basic,Yes
C00557,77,28003.79,South,Pro,Yes
C00558,48,46852.8,West,Basic,Yes
C00559,22,8503.37,South,Basic,No
C00560,76,,South,Pro,Yes
C00561,74,21295.36,North,Enterprise,Yes
C00562,69,10991.62,West,Pro,Yes
C00563,31,29385.82,South,Pro,Yes
C00564,71,28340.89,East,Pro,Yes
C00565,21,20466.11,,Basic,Yes
C00566,77,34428.22,,Enterprise,Yes
C00567,46,9398.24,South,Basic,No
C00568,55,7644.62,South,Basic,No
C00569,68,14474.52,South,Basic,Yes
C00570,44,39820.81,East,Basic,Yes
C00571,37,28523.11,West,Basic,Yes
C00572,40,20839.14,South,Basic,Yes
C00573,49,,South,Basic,Yes
C00574,73,20761.1,,Enterprise,Yes
C00575,78,42034.0,North,Pro,Yes
C00576,39,15008.27,West,Basic,Yes
C00577,26,,South,Basic,Yes
C00578,53,27303.46,East,Basic,Yes
C00579,64,,East,Pro,Yes
C00580,80,23007.39,West,Basic,Yes
C00581,40,50168.64,East,Enterprise,Yes
C00582,63,24024.05,West,Pro,Yes
C00583,22,11929.81,West,Pro,Yes
C00584,72,5716.89,East,Basic,No
C00585,72,43372.32,West,Basic,Yes
C00586,80,19491.33,North,Basic,Yes
C00587,66,26243.64,South,Basic,Yes
C00588,52,28398.83,East,Pro,Yes
C00589,51,48696.1,South,Basic,Yes
C00590,25,40666.5,East,Basic,Yes
C00591,51,39631.24,North,Basic,Yes
C00592,31,26034.53,,Pro,Yes
C00593,45,,East,Basic,Yes
C00594,71,25962.35,North,Basic,Yes
C00595,66,13574.28,North,Pro,Yes
C00596,42,27647.82,East,Pro,Yes
C00597,18,,South,Basic,Yes
C00598,31,,East,Basic,Yes
C00599,25,24381.92,South,Pro,Yes
C00121,48,15463.42,,Basic,Yes
C00290,40,,North,Basic,Yes
C00310,23,29198.48,East,Basic,Yes
C00282,38,24881.19,East,Basic,Yes
C00134,39,21129.52,North,Basic,Yes
C00311,84,7696.45,South,Pro,No
C00257,33,20635.85,,Basic,Yes
C00397,64,28000.33,West,Pro,Yes
C00514,79,14789.29,North,Basic,Yes
C00422,22,5000.01,West,Basic,No
C00505,78,11229.8,South,Basic,No
C00122,28,,North,Basic,Yes
C00490,55,14835.84,West,Basic,Yes
C00259,57,37344.43,West,Basic,Yes
C00012,48,,,Enterprise,Yes
C00002,55,,West,Basic,Yes
C00339,62,34421.26,,Basic,Yes
C00315,26,16759.04,West,Enterprise,Yes
C00412,76,42797.31,North,Basic,Yes
C00359,30,35087.57,North,Basic,Yes
C00079,44,11839.58,,Basic,Yes
C00015,41,15412.54,West,Pro,Yes
C00484,48,49096.08,North,Basic,Yes
C00007,44,38188.46,North,Basic,Yes
C00296,55,15666.24,North,Basic,Yes
C00291,73,32711.42,North,Pro,Yes
C00040,57,4957.62,West,Basic,No
C00043,26,,North,Pro,Yes
C00589,51,48696.1,South,Basic,Yes
C00178,69,29509.34,South,Pro,Yes
C00331,76,10900.34,West,Basic,Yes
C00211,73,17965.39,East,Basic,Yes
C00336,76,24413.06,West,Basic,Yes
C00000,50,8430.55,,Pro,No
C00292,45,15900.17,West,Basic,Yes
