spend_score,frequency_score,basket_size,recency_days
-6.647,4.93,3,139
5.829,4.748,2,76
-7.33,5.727,4,145
-7.459,4.875,3,75
7.603,6.3,11,159
-6.609,4.78,13,140
-5.65,4.127,6,97
-0.041,-1.138,5,32
-0.529,-0.285,8,149
-0.61,-0.659,5,115
0.756,0.281,3,103
-6.362,4.995,2,129
-6.182,3.365,10,178
0.027,0.081,12,93
7.412,4.389,8,70
-5.183,4.26,10,157
0.459,-0.353,2,117
-6.676,2.51,8,84
-1.658,0.11,10,33
7.139,6.181,9,84
-4.84,4.81,1,168
-0.169,-0.509,2,51
6.65,5.552,14,172
0.938,-1.172,4,165
-5.003,4.676,4,152
1.106,-0.663,9,57
-6.547,5.11,11,143
7.818,4.555,14,125
4.504,6.283,11,161
7.034,6.172,12,74
6.593,5.83,13,111
7.048,5.473,9,168
8.255,6.663,9,164
-4.219,3.002,8,170
-7.374,5.553,3,19
-8.026,5.292,1,6
-5.02,5.34,2,17
4.782,6.46,13,179
5.985,5.216,5,75
-4.992,4.689,1,109
4.027,6.764,2,75
-2.532,0.517,2,14
-5.689,5.248,6,164
0.053,-1.817,10,89
-6.295,5.645,12,55
6.046,7.403,12,9
-1.033,1.212,14,21
-1.816,0.281,12,99
5.8,4.131,4,138
-1.166,1.131,7,34
-1.972,-0.177,10,95
6.607,2.961,3,66
-6.074,5.453,10,117
6.488,4.209,1,55
-7.187,3.444,4,159
-6.79,4.238,12,108
-7.199,6.527,5,32
4.936,5.555,14,148
6.234,6.325,12,116
5.06,8.098,4,168
0.427,1.913,13,166
6.408,5.876,13,59
8.43,5.71,14,124
-1.671,-1.513,6,102
-4.935,4.167,13,78
-0.107,0.51,5,2
-0.017,0.475,5,146
-1.74,0.132,8,67
-6.552,6.194,6,13
-5.108,4.073,1,172
-6.099,4.933,11,72
0.097,0.877,7,22
-6.349,5.701,12,79
7.385,7.285,3,156
5.974,6.476,4,135
-2.64,-0.371,10,117
5.17,6.435,10,54
-8.363,3.797,8,53
2.098,4.033,9,47
-0.636,0.697,13,140
7.6,5.934,13,145
0.057,0.37,13,52
-7.407,2.963,14,54
-7.129,4.562,5,161
1.357,-0.72,12,175
6.189,4.963,4,15
-5.942,2.294,13,46
-6.064,4.598,14,22
-5.954,6.077,7,65
6.966,6.457,8,135
0.663,-0.721,2,106
-5.741,4.982,2,81
4.749,6.908,3,38
0.613,-3.313,1,27
-0.821,-0.149,6,137
7.313,6.652,14,92
-7.525,5.819,10,4
5.835,8.041,9,54
5.991,7.362,11,122
-7.59,5.375,1,99
-3.934,5.362,10,131
7.752,6.944,8,134
5.444,5.353,2,20
6.926,5.952,8,154
0.454,1.087,10,107
-3.136,2.349,7,11
6.3,5.809,13,172
5.926,5.942,14,107
6.1,6.238,6,43
-1.292,1.612,14,177
-0.323,-0.036,4,7
-0.214,1.763,2,83
7.426,4.84,10,8
-5.599,4.777,3,138
5.993,5.762,5,139
7.835,6.944,6,18
5.334,7.254,10,53
-6.467,3.189,12,157
3.82,4.902,13,47
7.883,6.404,9,105
7.157,5.21,14,98
7.1,4.173,11,159
6.803,7.246,13,134
6.132,6.593,9,141
6.259,6.592,2,17
-6.302,4.429,3,156
-6.244,6.235,6,82
0.065,-0.288,12,11
7.814,7.316,6,18
6.667,4.906,1,129
5.93,4.975,7,160
-0.695,0.246,10,36
-0.762,-0.843,14,53
7.923,6.811,3,48
-5.392,5.312,5,160
0.081,-1.108,7,59
5.585,6.087,7,117
-7.331,4.578,14,106
-6.08,6.099,6,74
1.048,-0.759,8,113
-0.471,-0.527,4,37
-6.273,6.453,1,167
-0.265,2.686,6,164
0.132,2.399,7,3
4.088,6.076,3,87
-6.282,5.263,10,35
-1.025,1.84,5,81
7.062,5.851,1,65
5.075,4.828,8,157
0.692,0.14,4,147
-4.171,5.542,11,52
-6.376,4.005,1,99
5.278,4.025,11,71
-5.77,3.276,8,92
5.998,6.799,11,162
-7.192,4.09,6,137
-5.447,4.83,13,10
8.419,6.255,8,118
-0.31,0.743,14,139
-0.243,-0.402,5,52
4.746,6.598,12,133
0.383,-1.068,10,16
-7.496,4.566,13,17
-7.328,3.771,3,83
1.536,1.358,8,74
4.913,5.968,13,158
1.298,-0.887,4,148
1.829,-0.423,14,108
6.311,5.734,14,98
-5.336,5.841,7,10
-3.657,3.085,11,34
5.764,4.755,7,79
5.288,5.546,10,77
4.376,9.039,13,69
0.05,1.147,11,90
7.775,5.866,5,105
-4.848,5.854,9,70
4.869,8.469,12,106
-1.026,-0.28,9,20
-0.605,-0.44,5,171
-5.649,6.454,11,93
-0.246,0.593,11,61
-5.743,5.806,9,80
-5.644,4.39,5,74
5.641,8.309,8,52
5.952,8.052,9,110
-5.752,5.679,3,159
5.899,6.821,13,159
6.604,3.567,9,30
2.245,0.765,1,127
6.71,5.767,4,135
-5.933,5.521,12,85
-2.023,0.819,10,124
0.466,-0.41,8,146
-8.336,2.971,7,19
4.309,6.441,6,87
-4.974,4.11,14,6
0.847,-0.396,5,173
-6.18,4.275,12,95
-2.052,-0.41,1,51
5.554,3.229,8,12
-6.814,6.46,4,23
0.764,0.304,6,51
8.709,7.334,9,149
-5.74,7.376,1,176
5.065,6.027,2,54
-1.405,-2.163,9,61
5.933,4.927,10,152
5.788,4.552,1,19
-7.382,4.398,14,110
-5.86,5.096,7,108
4.619,3.597,14,92
1.335,0.411,2,150
7.275,4.188,13,16
1.302,0.357,10,51
-6.569,4.869,12,141
-5.383,4.624,12,55
5.842,5.912,3,12
-6.467,4.352,3,82
5.593,5.265,14,173
4.44,3.981,7,142
-7.733,4.964,3,157
-5.047,7.215,9,52
-6.229,7.377,13,55
-5.74,6.586,4,28
1.202,0.847,13,23
3.92,5.188,1,50
-6.941,6.731,9,159
0.21,-0.067,6,121
0.471,-0.083,8,86
5.548,5.651,9,85
-4.765,5.11,3,23
-5.748,4.478,1,88
-7.456,4.899,8,90
4.883,4.698,14,138
0.967,-0.448,5,45
-5.443,7.737,8,155
3.721,5.916,2,74
-4.383,4.714,5,11
-5.282,5.639,2,115
-4.388,5.85,2,109
-0.46,-1.337,12,164
-6.355,4.751,13,99
4.648,7.102,13,144
9.044,6.324,11,43
-6.211,5.146,2,29
-4.095,6.865,13,116
5.223,5.187,1,86
0.197,0.099,4,142
-8.006,4.376,4,89
-0.459,1.788,11,143
1.181,-2.342,2,178
-1.502,-0.804,14,174
1.287,-0.635,3,16
-5.595,5.796,13,174
4.747,6.728,9,92
-0.602,1.674,4,67
-0.551,-1.889,6,164
5.941,6.901,2,31
5.357,5.648,7,72
-0.993,-0.799,10,150
-6.366,5.647,3,47
-7.232,3.896,14,168
4.453,3.508,10,100
-6.058,4.556,6,92
7.059,4.203,5,58
-1.835,-0.779,11,23
0.004,0.446,6,166
-0.78,0.374,14,1
-7.173,6.904,7,16
1.024,-0.24,10,14
5.378,4.16,13,38
1.798,-0.907,14,132
-6.936,3.897,4,16
0.464,-1.461,7,27
5.727,6.522,11,128
-6.905,4.226,6,7
6.705,3.627,5,53
-6.186,5.836,9,149
-5.276,4.866,13,162
-6.057,5.428,7,89
-7.303,5.127,6,160
5.878,6.758,11,159
6.062,6.046,8,168
-4.85,6.483,5,45
4.912,6.51,13,46
-6.047,5.47,9,119
-8.066,5.492,10,1
6.782,4.252,12,48
4.702,5.802,2,70
-8.168,4.689,12,160
-6.071,5.249,2,173
1.327,-1.63,1,62
-1.829,1.961,14,137
-1.306,0.125,4,98
5.108,4.546,1,11
-1.355,-2.051,10,72
6.455,5.662,5,126
5.031,5.892,6,127
-6.866,4.138,14,165
-5.3,5.111,8,113
-0.907,-0.769,1,174
-5.481,5.662,10,81
-7.166,4.131,3,129
-7.455,4.954,5,111
-8.203,6.175,3,155
2.233,3.086,13,167
-6.384,3.791,2,151
0.293,-0.557,8,172
5.963,4.992,7,65
-5.808,5.941,8,178
-5.94,3.622,9,18
2.29,-0.581,2,66
-1.247,-0.036,5,131
4.131,4.826,8,111
4.786,4.851,2,25
-7.602,4.429,12,122
0.896,-2.521,12,69
0.984,-1.735,8,143
-1.154,-0.496,12,179
4.331,6.178,7,37
-0.426,-0.223,8,101
1.669,-2.129,7,5
-9.383,4.443,2,94
-5.368,5.958,3,151
-7.291,5.667,8,170
7.248,5.906,2,142
-1.294,-1.065,9,51
-6.342,5.757,5,68
4.192,5.305,6,179
-7.173,3.597,13,142
7.663,5.037,13,164
0.985,1.738,7,45
5.518,6.264,6,66
4.956,7.391,12,148
3.727,5.425,8,59
5.528,7.126,11,136
-0.037,-0.722,2,23
-0.101,-0.189,10,12
-6.113,7.984,8,164
-7.346,5.921,3,55
5.92,5.399,11,34
-0.046,-0.102,8,46
7.549,6.391,11,2
8.24,7.453,12,137
5.836,5.413,4,160
-0.92,-2.09,12,4
-0.078,-0.336,14,108
-6.729,5.018,8,66
-0.891,0.131,11,121
