a,b,label
-1.738266398496882,-0.30953861740571575,only
-1.3366427931811324,1.267899148639513,only
-1.361106708564987,-1.07197888693,only
-0.35161713127840977,0.27792183071799254,only
-2.3125815796967033,0.23324557215707653,only
-0.18889719608460778,1.0093217602107074,only
-0.957229228096346,0.2985784373330526,only
0.8936001849299788,-0.26639433439756366,only
0.956847237579234,0.6145545843865188,only
1.3922582291390866,-1.1265648616302042,only
0.7674701130947078,0.8140764312836131,only
-0.053029778757267734,-0.6726765092005992,only
0.8597939889439096,-0.9103659010549774,only
1.5054811563838433,-0.36764639009110345,only
-0.6535945334170485,0.04600144152770579,only
0.610351145830187,0.7105859105367411,only
-0.042673827710852374,-0.21267067374844265,only
1.4400167254152394,0.735722851468494,only
-0.8368950200968434,0.9750824860821719,only
-0.3015466095655266,-0.10575880794402147,only
0.36233859316943917,-0.981547110530414,only
0.25811026702099754,0.9197510892238407,only
-1.6394479624476481,0.275448247346923,only
0.360155232237386,-2.115193535255952,only
-0.11849769951697288,-0.9882886519638155,only
-0.23974784920156203,0.1431616902282403,only
-0.15530166200229314,-1.3719055142985772,only
0.21897170507821917,-0.6814201424601892,only
-1.8163956614546406,-1.7129221407645252,only
1.5524665679968663,0.4022636122278133,only
-0.8614416732885682,0.24151780676325904,only
-2.2413678581872873,0.17612560137856614,only
-0.08197449383484104,1.4474740630704988,only
1.4574804175244145,-0.3526016708078728,only
-0.5186009711032398,-0.28918018544897156,only
1.5512756209056682,2.0199232820733553,only
1.5569420010285768,-1.3008629733039814,only
-0.8627319171113763,0.7291629034512065,only
-2.4651208152773547,-1.315096534161614,only
-1.2351827568078488,0.23625578922278398,only
1.1874322225543146,2.1157826250508203,only
-0.8167721736209068,0.27135602491513133,only
-1.5106774902505407,-0.7718227720041364,only
-1.3376946740539473,2.384216059092654,only
0.00018014422029518804,-0.5438213747150857,only
-0.026108483729201715,-0.2061964998368636,only
0.8720449149097206,0.3043720602243637,only
0.9890499704668804,-1.3425651975299016,only
-0.9322490224957446,1.1150982838459829,only
-0.15675869871669845,1.618825058923951,only
-1.1339346465649662,0.7587658147988282,only
0.07189067206172675,0.3303610268728072,only
-1.1506078219780655,-0.14929768803644328,only
-1.200251555452681,0.8867355822229123,only
2.1234219339526375,-3.1500782801905043,only
0.032388888425520096,-0.12477026219888078,only
0.6431786123703356,0.2561257298558171,only
2.5380983786528484,-1.9855301936747396,only
0.7858388236905651,0.42616733808904067,only
-0.11414260193201425,-0.12750498464628504,only
0.05458995154441833,-0.0345659716368227,only
-0.7444919671299762,0.10139123376229842,only
1.094338440936761,0.5751370143305368,only
-0.3302786854546604,0.45796254230116457,only
1.7627455255994957,-1.0373519856393019,only
-0.3447585414426272,-0.11696197703983412,only
-0.3536229319237997,-0.18209832505770163,only
-0.41937740024787623,0.038422438490240865,only
0.6256938797342935,-0.5910912905150767,only
0.18693606942873356,0.9698539123047144,only
1.3714324073778508,1.3045483666660658,only
-0.5533496226261118,1.5216997829648098,only
0.29023814454305935,1.9056522746977618,only
1.9379617345617723,1.4932806551549225,only
-0.24038168695409634,-0.45993163331485504,only
0.5326127940361377,-0.6143768725564366,only
1.5718822401651174,-0.3976389355655502,only
0.5534457799103193,0.5584385439798856,only
-0.6345051681060726,-0.12983064449943035,only
-2.062350018165741,0.9910935765475795,only
2.3931636444999302,1.650391488787089,only
0.43031428213036543,-0.43026123965183916,only
1.2605288876070315,0.9797077267377915,only
-0.4763135491383076,-0.392944787570595,only
1.8184817231498083,-1.2664975017463618,only
0.5195393601930505,-1.2688435331388845,only
0.04979744331439894,-0.31912964780432557,only
-0.9018171912232378,-1.899100941884751,only
0.3681847205816066,0.4993104834826723,only
-0.48653003243104254,1.5106810044691052,only
-0.2227691793707828,-1.165062107645523,only
-1.6225108173922826,-0.33431409226944026,only
-0.4905539302374794,1.5435583100187176,only
0.15987903483797983,0.3472319963906038,only
-1.250806160003097,0.19566662474369434,only
0.07389650956670456,-0.2615339862998367,only
0.6632938789578444,1.0186587944885543,only
-0.3067599406971191,0.3292423326847568,only
-0.6207841599596035,-1.0841877220977156,only
-0.6201241876096135,-2.432093302035109,only
0.9411423059808348,-2.6816922976183717,only
-1.5345050452989106,0.6576714475598825,only
-0.30045139331057524,-0.26608447939977387,only
-0.4194051074850356,1.448129786127416,only
0.1439970424593328,0.5099945329233561,only
-0.06957008698046126,-1.2720369952736923,only
-1.1075061566240967,0.2903889331469363,only
2.040089487170476,1.1918615960129082,only
0.17761176958791589,-0.901756687656306,only
-1.3420383269747214,-0.508742366609308,only
-0.891433449836664,1.740987177461118,only
0.0975848755045005,-1.7463920080287247,only
0.6129699383674597,-1.0902869133462338,only
-1.3421550645818923,1.050039867134895,only
0.7113368741009568,0.19899573570694631,only
-1.3732920829103488,-1.1424908541942405,only
-0.7943888387036288,-1.4552454113551185,only
0.8531012625681964,0.46345475415187043,only
1.7009972292946562,1.2142695308238227,only
-0.0847078716217542,0.8265845125214457,only
