PassengerId,Survived,Pclass,Name,Sex,Age,SibSp,Parch,Ticket,Fare,Cabin,Embarked
1,1,1,"John, Andersson. 100",female,46.7,2,1,PC 17000,9.4695,C3,C
2,0,2,"Mary, Smith. 101",male,15.5,2,3,PC 17001,50.0483,,C
3,1,3,"William, Brown. 102",female,30.1,3,2,PC 17002,9.9497,C29,S
4,0,1,"Anna, Davies. 103",male,71.9,0,2,PC 17003,39.8811,C11,S
5,0,1,"Charles, Wilson. 104",male,35.1,3,3,PC 17004,109.6606,,S
6,0,3,"Elizabeth, Taylor. 105",male,46.8,0,0,PC 17005,13.297,,S
7,1,1,"George, Jones. 106",male,42.2,3,0,PC 17006,110.3503,,S
8,0,1,"Sarah, Murphy. 107",male,8.3,1,3,PC 17007,28.2136,,S
9,0,3,"John, Andersson. 108",male,33.2,2,1,PC 17008,6.3445,,C
10,0,3,"Mary, Smith. 109",male,10.6,1,3,PC 17009,4.7362,C73,S
11,0,2,"William, Brown. 110",male,30.2,0,3,PC 17010,15.8264,C51,Q
12,0,3,"Anna, Davies. 111",female,38.0,0,3,PC 17011,1.9707,,S
13,0,3,"Charles, Wilson. 112",male,7.0,2,3,PC 17012,8.4506,,C
14,0,2,"Elizabeth, Taylor. 113",male,28.4,3,0,PC 17013,16.0364,,Q
15,0,1,"George, Jones. 114",male,34.4,2,3,PC 17014,16.5874,,S
16,0,3,"Sarah, Murphy. 115",male,32.3,1,0,PC 17015,1.2013,,S
17,1,3,"John, Andersson. 116",female,33.3,1,0,PC 17016,1.2952,,S
18,1,3,"Mary, Smith. 117",female,16.4,3,2,PC 17017,16.8568,C81,C
19,0,3,"William, Brown. 118",female,31.3,2,1,PC 17018,3.7765,,C
20,1,3,"Anna, Davies. 119",female,30.8,0,1,PC 17019,30.681,,S
21,0,3,"Charles, Wilson. 120",male,23.9,0,1,PC 17020,4.7015,,S
22,0,1,"Elizabeth, Taylor. 121",male,28.6,1,2,PC 17021,37.0631,,S
23,0,3,"George, Jones. 122",male,55.6,0,1,PC 17022,2.4364,,C
24,1,2,"Sarah, Murphy. 123",female,25.8,1,2,PC 17023,10.0722,,C
25,1,2,"John, Andersson. 124",male,47.4,1,3,PC 17024,14.6683,C74,S
26,0,3,"Mary, Smith. 125",female,81.6,3,3,PC 17025,15.0728,,S
27,0,1,"William, Brown. 126",male,44.8,0,1,PC 17026,121.8819,,C
28,0,3,"Anna, Davies. 127",male,30.7,1,3,PC 17027,21.2822,C54,S
29,0,3,"Charles, Wilson. 128",male,37.0,2,1,PC 17028,2.4235,,S
30,0,1,"Elizabeth, Taylor. 129",male,73.2,0,3,PC 17029,26.9911,C40,S
31,1,2,"George, Jones. 130",female,28.4,2,2,PC 17030,15.3829,,Q
32,0,2,"Sarah, Murphy. 131",male,27.9,3,0,PC 17031,10.09,,S
33,0,1,"John, Andersson. 132",female,22.6,2,3,PC 17032,45.5666,,S
34,0,3,"Mary, Smith. 133",male,22.1,2,3,PC 17033,37.0298,C63,S
35,0,2,"William, Brown. 134",male,29.2,2,2,PC 17034,11.8689,,S
36,0,1,"Anna, Davies. 135",male,38.8,0,0,PC 17035,73.3937,C32,Q
37,0,3,"Charles, Wilson. 136",male,40.8,2,3,PC 17036,31.4405,,S
38,0,1,"Elizabeth, Taylor. 137",male,19.0,0,3,PC 17037,10.3208,C94,S
39,0,3,"George, Jones. 138",female,101.0,3,3,PC 17038,44.1853,,S
40,1,1,"Sarah, Murphy. 139",female,39.9,0,3,PC 17039,122.618,,S
41,1,1,"John, Andersson. 140",female,37.3,3,2,PC 17040,35.0562,,C
42,0,1,"Mary, Smith. 141",male,41.9,3,3,PC 17041,125.1187,C78,S
43,0,2,"William, Brown. 142",male,18.8,3,3,PC 17042,22.4518,,C
44,0,2,"Anna, Davies. 143",male,28.6,1,3,PC 17043,50.5322,,Q
45,0,3,"Charles, Wilson. 144",male,32.1,2,0,PC 17044,16.0948,C77,S
46,0,3,"Elizabeth, Taylor. 145",male,36.5,3,2,PC 17045,4.1201,,S
47,0,2,"George, Jones. 146",female,26.8,3,2,PC 17046,22.6781,,S
48,0,1,"Sarah, Murphy. 147",male,17.9,2,3,PC 17047,23.1024,,S
49,1,1,"John, Andersson. 148",female,12.4,3,0,PC 17048,17.2213,,S
50,0,3,"Mary, Smith. 149",male,33.6,3,3,PC 17049,3.1712,C24,Q
51,0,2,"William, Brown. 150",male,22.9,3,1,PC 17050,8.8704,,Q
52,0,3,"Anna, Davies. 151",male,29.3,3,2,PC 17051,2.9503,,S
53,1,1,"Charles, Wilson. 152",female,46.1,3,2,PC 17052,74.8098,,Q
54,1,1,"Elizabeth, Taylor. 153",female,28.4,1,1,PC 17053,4.6008,C43,S
55,0,3,"George, Jones. 154",male,46.8,0,2,PC 17054,9.5988,,S
56,0,3,"Sarah, Murphy. 155",male,33.3,1,3,PC 17055,5.1627,,S
57,1,2,"John, Andersson. 156",female,41.6,1,3,PC 17056,5.8131,C48,S
58,0,2,"Mary, Smith. 157",male,21.0,1,3,PC 17057,34.4181,,S
59,0,1,"William, Brown. 158",male,30.6,3,3,PC 17058,13.097,,S
60,1,1,"Anna, Davies. 159",female,54.3,2,3,PC 17059,79.6835,C76,Q
61,1,1,"Charles, Wilson. 160",female,34.0,1,1,PC 17060,22.8721,,C
62,0,3,"Elizabeth, Taylor. 161",male,18.1,3,0,PC 17061,12.0882,,S
63,0,2,"George, Jones. 162",male,25.9,3,1,PC 17062,15.9288,,S
64,1,1,"Sarah, Murphy. 163",female,34.2,1,3,PC 17063,48.2372,,S
65,0,3,"John, Andersson. 164",male,59.0,3,3,PC 17064,20.8604,,S
66,1,1,"Mary, Smith. 165",female,28.7,2,2,PC 17065,17.9214,,S
67,0,1,"William, Brown. 166",female,42.0,2,0,PC 17066,26.6476,C39,S
68,0,3,"Anna, Davies. 167",female,36.2,1,3,PC 17067,43.6265,C71,S
69,0,3,"Charles, Wilson. 168",female,31.0,3,3,PC 17068,5.3397,,S
70,1,1,"Elizabeth, Taylor. 169",female,21.0,2,3,PC 17069,137.0497,,S
71,0,3,"George, Jones. 170",male,14.8,0,0,PC 17070,6.2828,,Q
72,1,1,"Sarah, Murphy. 171",male,18.9,2,1,PC 17071,16.2581,C77,Q
73,0,1,"John, Andersson. 172",male,25.6,0,1,PC 17072,5.8785,,S
74,0,1,"Mary, Smith. 173",male,20.9,0,1,PC 17073,12.5164,,Q
75,1,2,"William, Brown. 174",female,27.6,1,0,PC 17074,3.7304,C95,C
76,0,3,"Anna, Davies. 175",male,43.1,2,0,PC 17075,5.3508,C67,S
77,1,2,"Charles, Wilson. 176",female,39.5,3,1,PC 17076,33.375,C45,S
78,0,3,"Elizabeth, Taylor. 177",male,21.8,3,3,PC 17077,8.4731,,S
79,1,1,"George, Jones. 178",female,15.3,3,3,PC 17078,15.6048,,S
80,1,2,"Sarah, Murphy. 179",female,13.9,3,3,PC 17079,7.1023,,Q
81,0,2,"John, Andersson. 180",male,25.0,1,3,PC 17080,9.641,,S
82,1,3,"Mary, Smith. 181",female,17.3,3,3,PC 17081,2.4162,,Q
83,0,3,"William, Brown. 182",male,27.2,0,1,PC 17082,2.8534,,S
84,0,2,"Anna, Davies. 183",male,25.8,1,0,PC 17083,103.2893,,S
85,0,2,"Charles, Wilson. 184",male,21.2,1,0,PC 17084,22.2259,,Q
86,0,2,"Elizabeth, Taylor. 185",male,9.3,0,3,PC 17085,7.8455,,S
87,0,3,"George, Jones. 186",male,35.5,0,1,PC 17086,16.3791,,Q
88,0,1,"Sarah, Murphy. 187",male,47.3,1,3,PC 17087,103.6195,,C
89,0,1,"John, Andersson. 188",male,27.5,3,3,PC 17088,15.1213,,S
90,1,2,"Mary, Smith. 189",female,14.1,3,0,PC 17089,16.2388,,Q
91,0,1,"William, Brown. 190",male,18.2,0,0,PC 17090,8.6665,C67,C
92,1,3,"Anna, Davies. 191",female,28.2,2,0,PC 17091,2.1284,,S
93,0,3,"Charles, Wilson. 192",male,24.2,3,3,PC 17092,30.9746,C13,Q
94,0,3,"Elizabeth, Taylor. 193",female,27.6,2,1,PC 17093,195.4309,,S
95,0,3,"George, Jones. 194",male,34.0,3,1,PC 17094,4.597,C9,C
96,1,3,"Sarah, Murphy. 195",female,19.0,0,0,PC 17095,2.0714,,C
97,0,3,"John, Andersson. 196",male,16.8,3,0,PC 17096,32.1072,,S
98,0,3,"Mary, Smith. 197",female,21.6,0,3,PC 17097,23.1873,,S
99,0,1,"William, Brown. 198",male,36.8,3,3,PC 17098,41.2075,,S
100,0,3,"Anna, Davies. 199",female,51.2,2,0,PC 17099,33.6865,,S
101,0,1,"Charles, Wilson. 200",male,81.4,2,0,PC 17100,19.7955,,S
102,1,2,"Elizabeth, Taylor. 201",female,21.1,3,1,PC 17101,22.9559,,S
103,0,3,"George, Jones. 202",female,69.7,0,3,PC 17102,18.2275,,S
104,0,3,"Sarah, Murphy. 203",male,29.9,2,0,PC 17103,6.7465,,S
105,0,3,"John, Andersson. 204",male,49.7,3,1,PC 17104,13.7446,,C
106,1,1,"Mary, Smith. 205",female,25.2,1,1,PC 17105,21.662,,S
107,1,2,"William, Brown. 206",female,41.9,1,3,PC 17106,26.9412,,S
108,1,1,"Anna, Davies. 207",female,17.5,0,0,PC 17107,31.0246,,C
109,0,3,"Charles, Wilson. 208",male,13.6,0,2,PC 17108,1.5047,,S
110,1,1,"Elizabeth, Taylor. 209",female,48.5,0,1,PC 17109,29.0892,,S
111,0,1,"George, Jones. 210",male,33.3,3,3,PC 17110,7.4,,C
112,0,2,"Sarah, Murphy. 211",male,45.1,2,3,PC 17111,8.3004,,S
113,1,1,"John, Andersson. 212",male,12.1,0,2,PC 17112,5.9917,,S
114,0,3,"Mary, Smith. 213",male,40.1,1,1,PC 17113,18.6031,,S
115,0,3,"William, Brown. 214",female,6.3,3,3,PC 17114,6.6464,,C
116,0,1,"Anna, Davies. 215",male,54.7,2,2,PC 17115,18.9179,,C
117,0,2,"Charles, Wilson. 216",male,24.8,2,2,PC 17116,54.8473,,S
118,1,1,"Elizabeth, Taylor. 217",female,31.3,0,2,PC 17117,50.7909,,S
119,0,3,"George, Jones. 218",male,21.6,1,1,PC 17118,7.358,,C
120,0,1,"Sarah, Murphy. 219",male,23.1,2,1,PC 17119,4.1158,,Q
121,1,1,"John, Andersson. 220",male,33.6,2,0,PC 17120,48.4774,,S
122,1,1,"Mary, Smith. 221",female,40.7,1,2,PC 17121,21.0931,,C
123,0,3,"William, Brown. 222",male,29.3,2,0,PC 17122,6.4275,,S
124,1,3,"Anna, Davies. 223",female,19.4,0,2,PC 17123,17.2853,,S
125,0,2,"Charles, Wilson. 224",male,26.4,0,3,PC 17124,10.1148,,S
126,0,3,"Elizabeth, Taylor. 225",male,30.7,3,2,PC 17125,8.2825,,S
127,0,2,"George, Jones. 226",male,38.2,0,3,PC 17126,39.6797,C28,S
128,1,1,"Sarah, Murphy. 227",male,44.9,3,0,PC 17127,44.7764,,Q
129,0,2,"John, Andersson. 228",male,28.4,0,0,PC 17128,10.2673,C94,Q
130,0,2,"Mary, Smith. 229",male,27.6,0,3,PC 17129,66.019,,C
131,0,3,"William, Brown. 230",male,53.6,1,1,PC 17130,25.0985,,S
132,0,1,"Anna, Davies. 231",male,48.0,2,0,PC 17131,146.7551,,S
133,1,1,"Charles, Wilson. 232",female,42.5,0,1,PC 17132,25.5159,,S
134,0,3,"Elizabeth, Taylor. 233",male,36.3,3,3,PC 17133,10.8401,,S
135,0,3,"George, Jones. 234",male,38.5,2,0,PC 17134,23.0548,,S
136,0,3,"Sarah, Murphy. 235",female,36.9,2,3,PC 17135,13.2856,,C
137,0,3,"John, Andersson. 236",male,57.4,3,0,PC 17136,10.1351,,S
138,0,1,"Mary, Smith. 237",male,37.5,3,2,PC 17137,24.4946,,C
139,0,3,"William, Brown. 238",female,31.6,2,3,PC 17138,6.8166,,S
140,1,3,"Anna, Davies. 239",male,31.0,0,2,PC 17139,4.98,C74,S
141,1,1,"Charles, Wilson. 240",male,24.0,0,3,PC 17140,15.0365,C14,C
142,0,2,"Elizabeth, Taylor. 241",male,19.3,0,2,PC 17141,25.8191,,C
143,0,1,"George, Jones. 242",male,65.1,1,3,PC 17142,20.421,,S
144,0,3,"Sarah, Murphy. 243",male,54.2,0,2,PC 17143,2.5154,,S
145,1,3,"John, Andersson. 244",female,33.7,1,1,PC 17144,9.397,,Q
146,0,3,"Mary, Smith. 245",male,37.7,3,2,PC 17145,39.812,,S
147,0,3,"William, Brown. 246",male,15.5,3,3,PC 17146,30.4597,C25,S
148,0,2,"Anna, Davies. 247",male,15.2,1,1,PC 17147,2.9405,,S
149,1,3,"Charles, Wilson. 248",female,25.4,2,3,PC 17148,4.1871,C94,S
150,0,1,"Elizabeth, Taylor. 249",male,33.7,3,3,PC 17149,54.1187,,Q
151,1,1,"George, Jones. 250",male,37.0,2,3,PC 17150,28.9035,C7,S
152,1,2,"Sarah, Murphy. 251",female,15.0,0,0,PC 17151,19.1184,,C
153,1,2,"John, Andersson. 252",female,22.0,1,1,PC 17152,15.9663,,C
154,0,2,"Mary, Smith. 253",male,21.2,1,2,PC 17153,18.9192,,S
155,1,3,"William, Brown. 254",female,30.1,1,1,PC 17154,3.5965,,S
156,0,3,"Anna, Davies. 255",male,18.8,1,1,PC 17155,26.001,,S
157,0,1,"Charles, Wilson. 256",male,22.3,2,2,PC 17156,10.5528,,S
158,0,3,"Elizabeth, Taylor. 257",male,17.2,3,3,PC 17157,7.901,,S
159,0,2,"George, Jones. 258",male,39.4,1,3,PC 17158,71.3488,,C
160,0,3,"Sarah, Murphy. 259",male,31.1,2,1,PC 17159,23.8319,,S
161,0,2,"John, Andersson. 260",male,21.0,2,1,PC 17160,17.8646,C4,S
162,0,3,"Mary, Smith. 261",male,43.6,2,3,PC 17161,8.9308,,S
163,1,2,"William, Brown. 262",female,24.9,2,1,PC 17162,10.5175,,C
164,1,3,"Anna, Davies. 263",female,35.5,2,3,PC 17163,5.7408,,C
165,0,3,"Charles, Wilson. 264",male,40.4,2,0,PC 17164,7.274,,S
166,0,3,"Elizabeth, Taylor. 265",male,53.1,0,0,PC 17165,29.9215,,S
167,1,2,"George, Jones. 266",female,15.5,0,1,PC 17166,12.2114,,S
168,1,3,"Sarah, Murphy. 267",female,40.9,3,1,PC 17167,14.9716,,S
169,1,1,"John, Andersson. 268",male,29.0,1,0,PC 17168,39.7899,C53,Q
170,1,2,"Mary, Smith. 269",female,15.8,2,2,PC 17169,25.9704,,S
171,0,3,"William, Brown. 270",male,26.5,2,1,PC 17170,7.0237,,S
172,1,1,"Anna, Davies. 271",female,14.8,2,2,PC 17171,52.4105,,S
173,1,1,"Charles, Wilson. 272",female,38.7,0,1,PC 17172,31.349,,S
174,0,3,"Elizabeth, Taylor. 273",male,31.4,1,2,PC 17173,9.8879,,S
175,0,3,"George, Jones. 274",male,32.2,0,0,PC 17174,5.9308,,Q
176,0,3,"Sarah, Murphy. 275",male,25.6,1,3,PC 17175,1.3192,,Q
177,0,3,"John, Andersson. 276",male,26.1,0,0,PC 17176,17.4585,,S
178,0,3,"Mary, Smith. 277",male,30.6,0,0,PC 17177,17.8936,,C
179,0,2,"William, Brown. 278",male,20.9,1,2,PC 17178,11.5834,C85,S
180,0,3,"Anna, Davies. 279",male,33.8,3,0,PC 17179,7.7617,C31,S
181,1,2,"Charles, Wilson. 280",female,45.2,3,0,PC 17180,23.5467,C50,S
182,1,3,"Elizabeth, Taylor. 281",male,41.7,1,2,PC 17181,3.8118,C3,C
183,0,2,"George, Jones. 282",male,40.7,3,2,PC 17182,34.3872,,S
184,0,1,"Sarah, Murphy. 283",male,15.5,3,0,PC 17183,51.822,,S
185,0,3,"John, Andersson. 284",male,25.1,3,2,PC 17184,19.5912,,C
186,0,3,"Mary, Smith. 285",male,27.4,1,0,PC 17185,20.8613,,S
187,1,3,"William, Brown. 286",female,46.3,2,3,PC 17186,1.6692,,Q
188,0,3,"Anna, Davies. 287",male,32.8,1,0,PC 17187,14.6041,,C
189,0,3,"Charles, Wilson. 288",male,16.4,3,1,PC 17188,6.1754,,C
190,1,2,"Elizabeth, Taylor. 289",female,27.7,1,0,PC 17189,49.541,,C
191,0,3,"George, Jones. 290",male,70.4,3,3,PC 17190,23.6238,,S
192,0,1,"Sarah, Murphy. 291",male,44.7,2,1,PC 17191,57.0747,,Q
193,0,3,"John, Andersson. 292",male,17.5,3,3,PC 17192,8.5118,,C
194,0,3,"Mary, Smith. 293",male,25.9,3,1,PC 17193,112.2286,,S
195,0,3,"William, Brown. 294",male,25.1,2,1,PC 17194,8.754,,S
196,0,3,"Anna, Davies. 295",male,68.9,0,2,PC 17195,3.6114,,S
197,1,2,"Charles, Wilson. 296",male,26.1,3,1,PC 17196,43.8048,,S
198,0,3,"Elizabeth, Taylor. 297",male,32.9,1,3,PC 17197,2.5203,,S
199,1,1,"George, Jones. 298",female,13.0,2,0,PC 17198,154.1123,,S
200,0,3,"Sarah, Murphy. 299",male,26.8,1,2,PC 17199,22.8609,C2,S
201,1,2,"John, Andersson. 300",male,18.9,0,2,PC 17200,60.4584,C87,S
202,1,1,"Mary, Smith. 301",female,24.8,0,3,PC 17201,70.6263,C42,S
203,0,3,"William, Brown. 302",male,13.9,0,0,PC 17202,13.2755,,S
204,0,2,"Anna, Davies. 303",male,33.5,0,3,PC 17203,5.7033,C82,S
205,0,2,"Charles, Wilson. 304",male,15.9,3,1,PC 17204,10.8578,,S
206,0,3,"Elizabeth, Taylor. 305",male,28.8,3,2,PC 17205,15.3663,,S
207,1,1,"George, Jones. 306",female,13.9,2,0,PC 17206,23.2738,C62,S
208,0,3,"Sarah, Murphy. 307",male,23.9,1,0,PC 17207,12.9475,,S
209,0,2,"John, Andersson. 308",male,37.9,2,2,PC 17208,10.1066,C28,S
210,1,3,"Mary, Smith. 309",female,20.5,2,2,PC 17209,4.6072,,S
211,1,2,"William, Brown. 310",female,38.4,3,2,PC 17210,24.2797,,S
212,1,1,"Anna, Davies. 311",female,15.4,3,0,PC 17211,54.0698,,S
213,1,3,"Charles, Wilson. 312",female,33.7,0,2,PC 17212,9.3407,C33,S
214,0,3,"Elizabeth, Taylor. 313",male,23.4,2,0,PC 17213,3.8913,,S
215,1,1,"George, Jones. 314",male,26.8,3,3,PC 17214,6.3216,,S
216,1,1,"Sarah, Murphy. 315",male,19.1,1,1,PC 17215,169.5385,,S
217,0,1,"John, Andersson. 316",male,31.4,2,2,PC 17216,10.0643,,Q
218,1,2,"Mary, Smith. 317",female,29.1,2,3,PC 17217,8.5176,C76,S
219,0,3,"William, Brown. 318",male,22.9,0,1,PC 17218,4.838,,S
220,1,1,"Anna, Davies. 319",female,43.0,3,1,PC 17219,61.6798,,S
221,0,3,"Charles, Wilson. 320",male,33.0,1,1,PC 17220,4.7055,C76,S
222,0,3,"Elizabeth, Taylor. 321",male,25.5,1,1,PC 17221,15.0522,,S
223,1,1,"George, Jones. 322",female,16.2,2,2,PC 17222,36.0325,,S
224,0,2,"Sarah, Murphy. 323",male,23.9,3,1,PC 17223,6.6507,,S
225,0,1,"John, Andersson. 324",male,35.0,1,1,PC 17224,31.8161,,S
226,0,3,"Mary, Smith. 325",female,17.7,3,3,PC 17225,3.0886,,Q
227,0,3,"William, Brown. 326",female,28.0,1,1,PC 17226,7.9541,,S
228,1,2,"Anna, Davies. 327",male,56.6,3,2,PC 17227,35.5065,C22,S
229,1,2,"Charles, Wilson. 328",female,26.5,3,1,PC 17228,14.8438,C90,S
230,0,3,"Elizabeth, Taylor. 329",female,54.5,2,0,PC 17229,4.0624,,S
231,1,3,"George, Jones. 330",female,27.9,1,0,PC 17230,6.2954,C27,S
232,0,2,"Sarah, Murphy. 331",male,24.1,3,3,PC 17231,15.4698,,S
233,0,2,"John, Andersson. 332",male,40.1,3,3,PC 17232,24.585,,S
234,0,3,"Mary, Smith. 333",male,26.3,2,1,PC 17233,1.1766,,Q
235,0,3,"William, Brown. 334",male,25.1,1,3,PC 17234,1.7532,,C
236,0,1,"Anna, Davies. 335",female,24.9,3,1,PC 17235,42.0822,,S
237,1,1,"Charles, Wilson. 336",female,43.0,0,2,PC 17236,24.4259,,S
238,0,2,"Elizabeth, Taylor. 337",male,47.2,0,2,PC 17237,18.2244,,C
239,0,3,"George, Jones. 338",male,32.4,2,2,PC 17238,10.8935,C87,C
240,0,1,"Sarah, Murphy. 339",male,12.4,2,2,PC 17239,23.3373,C66,S
241,1,1,"John, Andersson. 340",female,39.1,2,0,PC 17240,17.9932,C85,C
242,1,1,"Mary, Smith. 341",female,12.7,0,0,PC 17241,29.645,,S
243,0,2,"William, Brown. 342",male,18.7,1,1,PC 17242,32.4226,,C
244,0,3,"Anna, Davies. 343",male,51.7,1,0,PC 17243,12.1058,C2,C
245,1,3,"Charles, Wilson. 344",female,22.9,0,3,PC 17244,9.0938,C86,S
246,1,1,"Elizabeth, Taylor. 345",female,60.6,2,3,PC 17245,10.5854,,C
247,1,1,"George, Jones. 346",male,21.6,3,3,PC 17246,33.009,C13,S
248,0,2,"Sarah, Murphy. 347",female,42.2,2,0,PC 17247,6.3642,,Q
249,1,3,"John, Andersson. 348",female,59.2,2,0,PC 17248,4.8971,C81,S
250,0,3,"Mary, Smith. 349",female,46.6,2,2,PC 17249,10.1766,,S
251,0,2,"William, Brown. 350",male,20.9,3,3,PC 17250,19.7753,,S
252,0,3,"Anna, Davies. 351",male,32.1,0,1,PC 17251,23.5743,,S
253,0,3,"Charles, Wilson. 352",male,24.4,3,0,PC 17252,19.5199,,Q
254,1,2,"Elizabeth, Taylor. 353",male,61.0,0,2,PC 17253,27.5111,,C
255,0,3,"George, Jones. 354",male,40.9,3,3,PC 17254,6.6783,,S
256,1,2,"Sarah, Murphy. 355",female,42.4,0,2,PC 17255,17.6088,,S
257,1,1,"John, Andersson. 356",female,24.3,3,0,PC 17256,21.5319,,S
258,0,3,"Mary, Smith. 357",female,31.2,2,0,PC 17257,41.6822,,S
259,1,1,"William, Brown. 358",female,32.8,3,3,PC 17258,40.2479,,S
260,0,3,"Anna, Davies. 359",male,32.5,0,1,PC 17259,4.9999,,S
261,0,3,"Charles, Wilson. 360",male,36.0,2,3,PC 17260,4.205,,Q
262,0,3,"Elizabeth, Taylor. 361",male,22.3,3,1,PC 17261,26.9016,C65,S
263,0,2,"George, Jones. 362",female,40.2,2,0,PC 17262,8.2301,C61,S
264,1,1,"Sarah, Murphy. 363",male,20.2,2,0,PC 17263,37.1171,,S
265,0,3,"John, Andersson. 364",female,30.1,0,0,PC 17264,10.4616,,C
266,0,3,"Mary, Smith. 365",male,70.9,1,2,PC 17265,23.0351,,S
267,0,3,"William, Brown. 366",female,21.2,2,2,PC 17266,4.1011,,S
268,1,3,"Anna, Davies. 367",female,24.4,2,1,PC 17267,13.4836,C99,S
269,1,3,"Charles, Wilson. 368",female,27.8,0,1,PC 17268,10.7067,C45,C
270,1,2,"Elizabeth, Taylor. 369",female,23.6,0,3,PC 17269,36.3684,,S
271,1,1,"George, Jones. 370",female,19.9,0,3,PC 17270,89.9422,,C
272,1,2,"Sarah, Murphy. 371",female,28.2,2,0,PC 17271,19.6248,,S
273,1,3,"John, Andersson. 372",female,21.5,2,1,PC 17272,7.342,,C
274,0,2,"Mary, Smith. 373",male,30.6,0,0,PC 17273,39.1083,,S
275,0,3,"William, Brown. 374",male,16.7,1,0,PC 17274,2.5632,,S
276,1,3,"Anna, Davies. 375",female,21.5,2,2,PC 17275,10.6063,,S
277,0,2,"Charles, Wilson. 376",male,19.4,3,3,PC 17276,7.4977,,S
278,0,3,"Elizabeth, Taylor. 377",male,27.3,1,0,PC 17277,3.0675,,S
279,0,1,"George, Jones. 378",male,34.9,0,2,PC 17278,6.6139,,S
280,0,2,"Sarah, Murphy. 379",male,30.6,2,1,PC 17279,4.1278,,S
281,0,1,"John, Andersson. 380",male,16.4,1,2,PC 17280,56.3539,,S
282,0,3,"Mary, Smith. 381",female,10.3,2,3,PC 17281,19.5274,,Q
283,0,2,"William, Brown. 382",male,25.2,1,2,PC 17282,19.7234,C45,S
284,1,2,"Anna, Davies. 383",female,49.8,0,2,PC 17283,45.1627,C2,S
285,1,1,"Charles, Wilson. 384",female,43.6,3,3,PC 17284,27.7467,,S
286,1,3,"Elizabeth, Taylor. 385",female,34.1,0,2,PC 17285,5.8005,C97,S
287,0,2,"George, Jones. 386",male,35.3,1,1,PC 17286,6.8988,,C
288,1,1,"Sarah, Murphy. 387",male,30.0,0,0,PC 17287,53.5284,,S
289,0,1,"John, Andersson. 388",female,19.7,0,1,PC 17288,55.8078,,S
290,0,2,"Mary, Smith. 389",female,33.9,3,0,PC 17289,55.4118,,C
291,0,3,"William, Brown. 390",male,21.8,0,3,PC 17290,4.4372,,S
292,0,3,"Anna, Davies. 391",male,22.8,3,3,PC 17291,7.0266,,S
293,1,3,"Charles, Wilson. 392",female,57.6,2,2,PC 17292,2.7241,,Q
294,0,3,"Elizabeth, Taylor. 393",male,21.7,2,0,PC 17293,25.017,,S
295,0,3,"George, Jones. 394",male,59.7,1,0,PC 17294,16.9826,,C
296,0,3,"Sarah, Murphy. 395",male,17.4,0,3,PC 17295,14.281,,S
297,1,2,"John, Andersson. 396",male,13.7,3,3,PC 17296,17.8608,,S
298,0,3,"Mary, Smith. 397",male,26.4,2,3,PC 17297,7.9525,,C
299,1,2,"William, Brown. 398",female,17.7,3,2,PC 17298,13.1223,C79,S
300,0,2,"Anna, Davies. 399",male,24.7,1,1,PC 17299,47.8887,C64,S
301,0,1,"Charles, Wilson. 400",male,29.5,1,0,PC 17300,15.5339,C45,S
302,0,3,"Elizabeth, Taylor. 401",male,23.1,0,3,PC 17301,20.0233,C73,C
303,0,1,"George, Jones. 402",male,41.5,1,1,PC 17302,35.1994,,S
304,1,1,"Sarah, Murphy. 403",female,33.6,2,3,PC 17303,11.1612,,S
305,1,2,"John, Andersson. 404",female,36.6,0,2,PC 17304,5.0281,,S
306,0,3,"Mary, Smith. 405",male,36.8,3,2,PC 17305,4.5396,C3,C
307,0,2,"William, Brown. 406",male,22.9,3,3,PC 17306,17.5968,C48,S
308,0,2,"Anna, Davies. 407",male,18.4,2,2,PC 17307,5.7715,,S
309,0,3,"Charles, Wilson. 408",female,66.0,3,2,PC 17308,15.8911,,S
310,1,1,"Elizabeth, Taylor. 409",female,22.1,2,0,PC 17309,75.0897,,S
311,0,1,"George, Jones. 410",male,32.7,0,2,PC 17310,44.2914,,S
312,0,3,"Sarah, Murphy. 411",male,27.3,3,0,PC 17311,2.0228,,C
313,0,3,"John, Andersson. 412",male,37.2,3,2,PC 17312,1.127,,S
314,0,3,"Mary, Smith. 413",male,55.5,0,0,PC 17313,19.7273,,S
315,1,2,"William, Brown. 414",female,37.9,1,1,PC 17314,68.5675,,S
316,0,3,"Anna, Davies. 415",female,41.8,3,3,PC 17315,6.3858,,S
317,0,1,"Charles, Wilson. 416",male,63.2,3,3,PC 17316,43.4925,C78,S
318,0,1,"Elizabeth, Taylor. 417",male,49.5,3,2,PC 17317,21.4912,,C
319,0,3,"George, Jones. 418",male,43.3,3,2,PC 17318,5.1623,,C
320,0,1,"Sarah, Murphy. 419",male,27.2,3,1,PC 17319,66.163,,S
321,0,1,"John, Andersson. 420",male,20.1,2,0,PC 17320,16.7392,,Q
322,1,1,"Mary, Smith. 421",male,46.4,2,0,PC 17321,58.2932,,C
323,0,2,"William, Brown. 422",female,31.7,0,2,PC 17322,84.4317,,C
324,0,2,"Anna, Davies. 423",female,12.7,3,0,PC 17323,16.345,,S
325,0,3,"Charles, Wilson. 424",male,22.7,2,3,PC 17324,48.313,,S
326,0,3,"Elizabeth, Taylor. 425",male,17.6,1,1,PC 17325,2.8284,,Q
327,0,2,"George, Jones. 426",male,35.9,2,3,PC 17326,41.3122,C64,S
328,1,1,"Sarah, Murphy. 427",female,13.2,1,0,PC 17327,27.5597,,S
329,0,3,"John, Andersson. 428",male,29.0,0,1,PC 17328,89.8261,,S
330,1,1,"Mary, Smith. 429",female,10.5,1,2,PC 17329,28.3797,,S
331,0,2,"William, Brown. 430",male,37.4,0,0,PC 17330,8.97,,S
332,0,2,"Anna, Davies. 431",male,52.8,0,3,PC 17331,77.7323,,S
333,0,2,"Charles, Wilson. 432",male,35.0,0,2,PC 17332,4.6467,,Q
334,1,1,"Elizabeth, Taylor. 433",female,39.6,0,3,PC 17333,40.5931,C85,S
335,0,3,"George, Jones. 434",male,30.2,1,0,PC 17334,4.609,C8,S
336,0,3,"Sarah, Murphy. 435",female,36.8,2,3,PC 17335,31.2981,,S
337,0,3,"John, Andersson. 436",male,30.4,3,2,PC 17336,8.3083,C94,S
338,0,3,"Mary, Smith. 437",male,29.1,2,0,PC 17337,19.6173,C46,S
339,1,2,"William, Brown. 438",female,33.5,3,2,PC 17338,17.6025,,S
340,0,3,"Anna, Davies. 439",male,36.5,0,1,PC 17339,3.3999,,S
341,0,2,"Charles, Wilson. 440",female,27.8,2,2,PC 17340,2.6545,C10,S
342,1,1,"Elizabeth, Taylor. 441",male,23.7,3,3,PC 17341,135.0299,C7,C
343,1,3,"George, Jones. 442",female,13.7,3,2,PC 17342,11.2133,C19,S
344,1,3,"Sarah, Murphy. 443",female,35.1,0,3,PC 17343,3.2451,,C
345,0,3,"John, Andersson. 444",female,24.5,3,2,PC 17344,6.8745,C48,S
346,0,3,"Mary, Smith. 445",male,27.8,0,3,PC 17345,22.0211,,S
347,0,3,"William, Brown. 446",male,6.6,0,1,PC 17346,2.396,,C
348,1,1,"Anna, Davies. 447",female,30.6,1,0,PC 17347,207.871,C54,S
349,0,1,"Charles, Wilson. 448",male,61.4,0,1,PC 17348,21.8121,,S
350,0,1,"Elizabeth, Taylor. 449",male,31.0,3,1,PC 17349,19.617,,S
351,1,2,"George, Jones. 450",female,28.6,1,3,PC 17350,57.4037,,S
352,0,3,"Sarah, Murphy. 451",male,23.4,1,3,PC 17351,10.9556,,S
353,1,2,"John, Andersson. 452",female,36.4,3,2,PC 17352,7.3978,,C
354,1,3,"Mary, Smith. 453",female,24.0,3,1,PC 17353,20.6226,,S
355,0,3,"William, Brown. 454",male,19.4,3,2,PC 17354,13.5742,,S
356,0,1,"Anna, Davies. 455",male,53.4,3,2,PC 17355,74.5799,,S
357,0,3,"Charles, Wilson. 456",female,32.5,1,1,PC 17356,3.9656,,S
358,1,1,"Elizabeth, Taylor. 457",female,33.8,2,3,PC 17357,9.8976,,S
359,1,1,"George, Jones. 458",female,27.0,1,3,PC 17358,47.5681,,C
360,1,3,"Sarah, Murphy. 459",female,38.4,3,3,PC 17359,6.1213,,S
361,0,3,"John, Andersson. 460",male,25.5,0,1,PC 17360,1.3093,C13,S
362,0,2,"Mary, Smith. 461",female,24.5,1,0,PC 17361,10.6783,,S
363,1,2,"William, Brown. 462",female,21.9,2,2,PC 17362,31.6718,C68,C
364,0,3,"Anna, Davies. 463",male,33.6,2,1,PC 17363,4.7036,,S
365,0,2,"Charles, Wilson. 464",male,6.7,2,2,PC 17364,56.7545,C14,S
366,0,1,"Elizabeth, Taylor. 465",male,50.1,2,0,PC 17365,17.1985,C6,S
367,0,1,"George, Jones. 466",male,31.1,2,2,PC 17366,24.7522,,C
368,0,1,"Sarah, Murphy. 467",male,34.3,0,0,PC 17367,6.2856,,Q
369,1,3,"John, Andersson. 468",female,11.6,2,3,PC 17368,4.3852,C91,C
370,1,1,"Mary, Smith. 469",female,30.1,1,3,PC 17369,22.7696,C32,S
371,0,3,"William, Brown. 470",male,35.3,0,1,PC 17370,15.0775,,S
372,1,1,"Anna, Davies. 471",female,16.6,3,0,PC 17371,31.8397,C44,S
373,1,2,"Charles, Wilson. 472",female,26.1,2,0,PC 17372,46.5244,C41,S
374,0,3,"Elizabeth, Taylor. 473",male,28.4,1,3,PC 17373,1.2713,,S
375,1,2,"George, Jones. 474",male,21.5,0,0,PC 17374,18.3195,,S
376,0,2,"Sarah, Murphy. 475",male,16.5,3,0,PC 17375,15.7235,C73,C
377,0,1,"John, Andersson. 476",male,27.3,2,1,PC 17376,10.5177,,S
378,0,2,"Mary, Smith. 477",male,12.7,0,2,PC 17377,17.2419,,S
379,0,1,"William, Brown. 478",male,28.4,0,2,PC 17378,13.7519,,S
380,0,1,"Anna, Davies. 479",male,20.7,0,2,PC 17379,39.4477,C49,C
381,0,3,"Charles, Wilson. 480",male,15.0,3,0,PC 17380,6.5595,C73,C
382,0,2,"Elizabeth, Taylor. 481",male,26.8,0,3,PC 17381,28.1994,,S
383,1,2,"George, Jones. 482",female,40.3,1,1,PC 17382,7.9036,,S
384,0,3,"Sarah, Murphy. 483",male,26.5,0,2,PC 17383,27.9943,C55,S
385,0,3,"John, Andersson. 484",male,43.3,2,2,PC 17384,12.7951,,S
386,0,2,"Mary, Smith. 485",male,31.3,2,1,PC 17385,88.9101,,C
387,0,2,"William, Brown. 486",male,28.4,2,0,PC 17386,15.8626,,S
388,0,3,"Anna, Davies. 487",male,19.6,0,2,PC 17387,5.7016,,S
389,0,3,"Charles, Wilson. 488",male,49.5,3,2,PC 17388,10.1135,,C
390,0,3,"Elizabeth, Taylor. 489",male,40.9,2,1,PC 17389,5.8815,,C
391,1,1,"George, Jones. 490",female,41.0,3,2,PC 17390,10.539,,S
392,0,1,"Sarah, Murphy. 491",male,32.3,0,1,PC 17391,27.2193,,C
393,0,3,"John, Andersson. 492",male,25.6,0,0,PC 17392,8.4385,,C
394,0,3,"Mary, Smith. 493",female,27.8,2,2,PC 17393,4.9863,,C
395,0,3,"William, Brown. 494",male,15.7,1,3,PC 17394,6.335,,S
396,0,3,"Anna, Davies. 495",female,43.2,1,2,PC 17395,3.7269,,C
397,0,2,"Charles, Wilson. 496",male,14.5,1,3,PC 17396,20.3879,C95,S
398,0,1,"Elizabeth, Taylor. 497",male,32.4,1,3,PC 17397,8.0097,,S
399,0,3,"George, Jones. 498",male,20.8,2,3,PC 17398,41.2201,C98,C
400,0,3,"Sarah, Murphy. 499",male,27.9,3,1,PC 17399,9.2032,C13,C
401,0,3,"John, Andersson. 500",male,17.8,3,0,PC 17400,20.9418,,C
402,1,3,"Mary, Smith. 501",male,27.5,1,0,PC 17401,3.032,,S
403,0,2,"William, Brown. 502",male,21.5,3,1,PC 17402,24.4155,,C
404,0,2,"Anna, Davies. 503",male,64.5,2,1,PC 17403,15.8815,C80,S
405,0,3,"Charles, Wilson. 504",female,57.1,3,2,PC 17404,21.6979,,S
406,0,2,"Elizabeth, Taylor. 505",male,29.7,3,2,PC 17405,39.2938,,Q
407,0,3,"George, Jones. 506",male,36.2,0,3,PC 17406,2.0456,C13,S
408,0,3,"Sarah, Murphy. 507",female,23.0,0,0,PC 17407,25.2199,,S
409,0,3,"John, Andersson. 508",male,26.0,3,0,PC 17408,2.3308,,S
410,0,2,"Mary, Smith. 509",male,21.4,1,0,PC 17409,59.9395,,S
411,0,2,"William, Brown. 510",male,15.0,1,1,PC 17410,17.0714,,C
412,0,3,"Anna, Davies. 511",female,26.1,2,0,PC 17411,3.044,,C
413,0,2,"Charles, Wilson. 512",male,17.9,1,2,PC 17412,33.8491,,Q
414,1,3,"Elizabeth, Taylor. 513",female,22.5,0,1,PC 17413,9.2714,,S
415,0,1,"George, Jones. 514",male,33.1,0,0,PC 17414,10.9835,C79,S
416,1,2,"Sarah, Murphy. 515",male,33.0,0,2,PC 17415,9.1923,,S
417,1,3,"John, Andersson. 516",female,30.6,3,0,PC 17416,13.7755,,S
418,0,3,"Mary, Smith. 517",male,34.8,2,1,PC 17417,2.5996,,S
419,0,3,"William, Brown. 518",male,23.5,1,3,PC 17418,4.1137,C66,C
420,1,1,"Anna, Davies. 519",female,17.4,2,1,PC 17419,142.9734,,C
421,0,3,"Charles, Wilson. 520",male,25.5,0,2,PC 17420,4.4767,C21,S
422,1,3,"Elizabeth, Taylor. 521",female,16.0,0,0,PC 17421,12.5073,C66,S
423,0,1,"George, Jones. 522",male,35.6,3,2,PC 17422,40.2206,,S
424,0,3,"Sarah, Murphy. 523",female,31.7,2,2,PC 17423,21.3194,C60,Q
425,0,3,"John, Andersson. 524",male,15.3,1,0,PC 17424,19.8137,,S
426,0,3,"Mary, Smith. 525",male,23.1,1,1,PC 17425,0.9164,C73,C
427,0,1,"William, Brown. 526",male,24.3,3,1,PC 17426,17.3382,,S
428,0,3,"Anna, Davies. 527",male,19.4,2,2,PC 17427,26.0984,,S
429,0,2,"Charles, Wilson. 528",male,34.9,0,0,PC 17428,8.7685,,S
430,1,3,"Elizabeth, Taylor. 529",female,24.6,3,2,PC 17429,46.4816,C46,S
431,0,3,"George, Jones. 530",male,34.1,3,0,PC 17430,11.2195,C98,S
432,0,3,"Sarah, Murphy. 531",male,17.1,0,3,PC 17431,2.973,,S
433,0,2,"John, Andersson. 532",male,17.8,0,0,PC 17432,29.8909,C87,C
434,0,3,"Mary, Smith. 533",male,41.3,0,2,PC 17433,52.0377,C60,C
435,1,2,"William, Brown. 534",female,24.6,2,0,PC 17434,9.7775,C76,S
436,1,3,"Anna, Davies. 535",female,39.2,0,1,PC 17435,14.8593,,S
437,0,2,"Charles, Wilson. 536",male,36.8,2,3,PC 17436,8.0643,,S
438,1,2,"Elizabeth, Taylor. 537",male,16.9,2,2,PC 17437,10.5699,C52,S
439,0,2,"George, Jones. 538",male,31.9,3,1,PC 17438,19.9009,,Q
440,0,2,"Sarah, Murphy. 539",male,29.3,3,1,PC 17439,28.5576,,S
441,0,3,"John, Andersson. 540",male,28.5,2,3,PC 17440,12.3499,,S
442,1,2,"Mary, Smith. 541",female,50.1,2,3,PC 17441,21.7347,,S
443,0,3,"William, Brown. 542",male,33.5,0,0,PC 17442,79.3473,,S
444,0,3,"Anna, Davies. 543",male,40.5,0,0,PC 17443,3.3683,,Q
445,0,3,"Charles, Wilson. 544",male,19.7,1,1,PC 17444,1.6662,,S
446,1,1,"Elizabeth, Taylor. 545",male,45.8,2,0,PC 17445,44.7416,,S
447,0,3,"George, Jones. 546",male,37.5,3,1,PC 17446,10.6478,,S
448,0,3,"Sarah, Murphy. 547",female,53.9,0,0,PC 17447,2.4474,C24,S
449,1,3,"John, Andersson. 548",female,46.0,0,1,PC 17448,42.8348,,C
450,0,3,"Mary, Smith. 549",male,24.1,0,2,PC 17449,4.7614,,C
451,1,3,"William, Brown. 550",female,30.2,3,2,PC 17450,2.5061,,Q
452,0,2,"Anna, Davies. 551",male,34.6,1,0,PC 17451,26.338,,C
453,0,3,"Charles, Wilson. 552",female,15.6,2,2,PC 17452,16.0777,,S
454,1,1,"Elizabeth, Taylor. 553",female,47.3,3,2,PC 17453,228.0336,C90,S
455,0,1,"George, Jones. 554",female,28.5,0,1,PC 17454,6.7109,C1,S
456,0,3,"Sarah, Murphy. 555",male,13.4,2,1,PC 17455,2.8326,C90,S
457,0,2,"John, Andersson. 556",male,45.2,3,1,PC 17456,14.025,,C
458,0,3,"Mary, Smith. 557",female,20.1,3,0,PC 17457,6.0455,,S
459,0,2,"William, Brown. 558",male,27.5,1,2,PC 17458,16.8243,,S
460,0,3,"Anna, Davies. 559",male,15.5,1,1,PC 17459,4.7285,,C
461,0,3,"Charles, Wilson. 560",female,33.1,3,1,PC 17460,2.1892,,S
462,0,3,"Elizabeth, Taylor. 561",female,36.1,0,3,PC 17461,5.9949,,S
463,0,3,"George, Jones. 562",female,26.8,0,2,PC 17462,17.1102,,S
464,1,1,"Sarah, Murphy. 563",male,40.6,1,1,PC 17463,55.2468,,C
465,0,1,"John, Andersson. 564",male,25.4,1,2,PC 17464,14.8752,C73,S
466,1,1,"Mary, Smith. 565",male,31.0,0,0,PC 17465,43.9889,,S
467,0,2,"William, Brown. 566",male,16.1,1,0,PC 17466,26.1981,,C
468,0,1,"Anna, Davies. 567",male,13.2,1,0,PC 17467,17.2583,,C
469,0,1,"Charles, Wilson. 568",male,46.1,3,3,PC 17468,19.6431,,S
470,1,1,"Elizabeth, Taylor. 569",male,26.0,2,1,PC 17469,28.1674,,S
471,0,3,"George, Jones. 570",male,23.4,1,2,PC 17470,114.0554,,S
472,1,2,"Sarah, Murphy. 571",female,26.0,2,3,PC 17471,20.9239,,S
473,0,3,"John, Andersson. 572",male,15.6,2,2,PC 17472,4.0192,C69,S
474,0,2,"Mary, Smith. 573",male,35.8,3,0,PC 17473,15.5869,,C
475,0,3,"William, Brown. 574",female,77.9,2,0,PC 17474,5.4324,,S
476,1,3,"Anna, Davies. 575",female,20.8,1,3,PC 17475,25.3567,,S
477,0,2,"Charles, Wilson. 576",female,37.9,1,1,PC 17476,2.5321,,S
478,0,3,"Elizabeth, Taylor. 577",female,18.4,0,0,PC 17477,3.3358,C16,S
479,0,1,"George, Jones. 578",female,28.6,1,2,PC 17478,57.5122,,S
480,0,2,"Sarah, Murphy. 579",male,17.1,3,2,PC 17479,26.3818,,Q
481,1,1,"John, Andersson. 580",female,10.2,3,1,PC 17480,27.7757,,C
482,0,2,"Mary, Smith. 581",male,26.1,0,3,PC 17481,34.7132,,S
483,1,2,"William, Brown. 582",female,36.9,1,1,PC 17482,5.3973,C38,C
484,0,3,"Anna, Davies. 583",male,46.7,1,3,PC 17483,12.5759,,S
485,0,2,"Charles, Wilson. 584",male,59.7,0,0,PC 17484,6.4031,,S
486,0,2,"Elizabeth, Taylor. 585",male,28.2,0,0,PC 17485,5.62,C24,S
487,0,3,"George, Jones. 586",male,31.3,0,1,PC 17486,14.2067,,S
488,1,1,"Sarah, Murphy. 587",female,43.6,2,1,PC 17487,13.1142,,Q
489,1,1,"John, Andersson. 588",female,40.4,1,3,PC 17488,19.5708,,S
490,1,1,"Mary, Smith. 589",female,49.3,3,3,PC 17489,47.8619,,Q
491,0,3,"William, Brown. 590",male,28.2,0,2,PC 17490,3.4934,,C
492,0,3,"Anna, Davies. 591",male,34.4,0,1,PC 17491,15.7318,,S
493,0,3,"Charles, Wilson. 592",male,26.5,2,1,PC 17492,69.7372,,C
494,0,3,"Elizabeth, Taylor. 593",female,35.4,2,2,PC 17493,7.5449,,C
495,0,1,"George, Jones. 594",male,21.1,1,0,PC 17494,64.9916,,S
496,0,3,"Sarah, Murphy. 595",male,24.4,0,0,PC 17495,18.2621,C69,S
497,0,1,"John, Andersson. 596",male,26.0,2,1,PC 17496,8.5789,,C
498,1,3,"Mary, Smith. 597",female,24.5,2,2,PC 17497,2.6111,C47,C
499,0,3,"William, Brown. 598",female,38.0,0,1,PC 17498,9.0895,C50,S
500,0,3,"Anna, Davies. 599",male,23.3,0,3,PC 17499,1.3004,C85,S
501,1,1,"Charles, Wilson. 600",female,36.2,2,0,PC 17500,28.2834,,Q
502,0,2,"Elizabeth, Taylor. 601",male,41.7,1,0,PC 17501,22.9424,,S
503,0,1,"George, Jones. 602",female,24.1,3,1,PC 17502,41.6804,,S
504,0,2,"Sarah, Murphy. 603",male,8.4,2,1,PC 17503,27.3202,,C
505,0,3,"John, Andersson. 604",male,42.6,1,1,PC 17504,30.5537,,C
506,0,3,"Mary, Smith. 605",male,21.1,1,3,PC 17505,6.709,C6,S
507,0,3,"William, Brown. 606",male,11.2,0,2,PC 17506,31.0694,C14,S
508,0,3,"Anna, Davies. 607",male,30.1,3,1,PC 17507,14.7435,C35,S
509,0,3,"Charles, Wilson. 608",male,29.2,3,3,PC 17508,14.7163,C47,S
510,1,2,"Elizabeth, Taylor. 609",female,32.8,0,3,PC 17509,15.814,C65,S
511,1,3,"George, Jones. 610",female,25.8,2,1,PC 17510,21.7659,,S
512,0,2,"Sarah, Murphy. 611",male,25.8,0,1,PC 17511,9.1902,,C
513,0,1,"John, Andersson. 612",male,10.5,3,2,PC 17512,52.9911,,Q
514,0,3,"Mary, Smith. 613",male,40.0,0,3,PC 17513,25.2322,,Q
515,0,3,"William, Brown. 614",male,38.8,0,0,PC 17514,4.9625,,S
516,0,3,"Anna, Davies. 615",male,36.9,1,3,PC 17515,3.8361,,S
517,0,3,"Charles, Wilson. 616",male,35.6,3,0,PC 17516,4.5804,,S
518,1,1,"Elizabeth, Taylor. 617",female,32.3,3,3,PC 17517,26.3996,,C
519,0,3,"George, Jones. 618",male,18.6,3,3,PC 17518,12.7112,C6,S
520,0,3,"Sarah, Murphy. 619",male,44.6,3,3,PC 17519,20.2871,,S
521,0,3,"John, Andersson. 620",male,40.1,2,2,PC 17520,51.3648,,S
522,1,3,"Mary, Smith. 621",male,27.8,3,1,PC 17521,40.0945,,C
523,0,3,"William, Brown. 622",male,19.5,3,2,PC 17522,11.7304,C62,C
524,0,3,"Anna, Davies. 623",male,32.2,0,3,PC 17523,6.4208,,S
525,0,1,"Charles, Wilson. 624",male,48.0,3,3,PC 17524,9.1434,,S
526,0,3,"Elizabeth, Taylor. 625",male,53.0,0,1,PC 17525,19.3738,,S
527,1,2,"George, Jones. 626",male,24.6,3,3,PC 17526,29.3089,,S
528,0,3,"Sarah, Murphy. 627",female,21.6,1,3,PC 17527,7.0874,,S
529,0,2,"John, Andersson. 628",male,26.0,3,3,PC 17528,15.7335,C59,S
530,0,3,"Mary, Smith. 629",male,48.9,2,1,PC 17529,8.2174,,S
531,0,3,"William, Brown. 630",male,38.6,1,2,PC 17530,0.873,C18,S
532,0,3,"Anna, Davies. 631",male,27.0,3,0,PC 17531,8.6847,,S
533,0,3,"Charles, Wilson. 632",male,25.5,1,3,PC 17532,12.3059,,S
534,0,3,"Elizabeth, Taylor. 633",female,25.8,2,1,PC 17533,8.1662,,Q
535,0,1,"George, Jones. 634",male,39.7,2,1,PC 17534,10.4073,,S
536,1,1,"Sarah, Murphy. 635",female,17.7,0,3,PC 17535,28.6043,,S
537,0,3,"John, Andersson. 636",male,29.7,3,1,PC 17536,14.1492,,S
538,0,3,"Mary, Smith. 637",male,12.0,2,1,PC 17537,47.1487,,C
539,0,3,"William, Brown. 638",male,36.2,1,0,PC 17538,24.0058,C64,S
540,0,2,"Anna, Davies. 639",male,19.2,2,0,PC 17539,31.3914,,S
541,1,1,"Charles, Wilson. 640",male,32.2,1,0,PC 17540,26.1639,,C
542,0,2,"Elizabeth, Taylor. 641",female,21.8,1,3,PC 17541,5.4018,,C
543,0,2,"George, Jones. 642",male,26.2,0,1,PC 17542,11.9219,,S
544,0,2,"Sarah, Murphy. 643",male,42.2,2,1,PC 17543,5.2601,,S
545,0,3,"John, Andersson. 644",male,26.2,1,1,PC 17544,8.3248,,S
546,0,2,"Mary, Smith. 645",male,43.7,0,0,PC 17545,48.3063,,S
547,0,3,"William, Brown. 646",male,24.2,0,2,PC 17546,23.7642,,S
548,0,2,"Anna, Davies. 647",female,35.9,1,0,PC 17547,41.7464,,S
549,1,1,"Charles, Wilson. 648",female,20.3,1,1,PC 17548,27.9696,,Q
550,1,2,"Elizabeth, Taylor. 649",female,19.2,2,3,PC 17549,45.1588,,C
551,0,3,"George, Jones. 650",male,42.1,2,0,PC 17550,7.1384,,Q
552,1,1,"Sarah, Murphy. 651",female,8.1,1,2,PC 17551,4.6052,C91,S
553,1,2,"John, Andersson. 652",female,45.8,1,1,PC 17552,20.7353,,S
554,0,3,"Mary, Smith. 653",male,41.3,1,1,PC 17553,9.4686,,S
555,1,2,"William, Brown. 654",female,50.2,3,1,PC 17554,3.7366,,Q
556,0,3,"Anna, Davies. 655",male,42.5,0,2,PC 17555,5.6411,C33,S
557,1,1,"Charles, Wilson. 656",male,26.9,0,3,PC 17556,2.9507,,S
558,1,3,"Elizabeth, Taylor. 657",female,53.4,3,2,PC 17557,5.922,,S
559,0,1,"George, Jones. 658",male,27.4,1,2,PC 17558,82.6701,C94,S
560,0,1,"Sarah, Murphy. 659",male,72.8,2,2,PC 17559,15.2252,C54,S
561,1,3,"John, Andersson. 660",female,35.8,2,3,PC 17560,30.2798,,S
562,0,3,"Mary, Smith. 661",male,31.7,3,2,PC 17561,11.2513,C48,S
563,0,3,"William, Brown. 662",male,39.3,0,3,PC 17562,4.6529,C3,S
564,0,3,"Anna, Davies. 663",male,32.4,2,3,PC 17563,1.811,,C
565,0,3,"Charles, Wilson. 664",male,39.2,1,2,PC 17564,18.1204,C17,C
566,0,3,"Elizabeth, Taylor. 665",female,31.5,0,3,PC 17565,16.7692,,C
567,0,3,"George, Jones. 666",male,41.1,2,1,PC 17566,2.3576,,S
568,1,1,"Sarah, Murphy. 667",female,18.7,0,0,PC 17567,18.6575,,Q
569,0,3,"John, Andersson. 668",male,25.4,2,2,PC 17568,25.0702,,S
570,0,2,"Mary, Smith. 669",female,29.2,0,1,PC 17569,9.2523,,S
571,0,2,"William, Brown. 670",female,21.8,2,1,PC 17570,26.1989,,C
572,0,3,"Anna, Davies. 671",male,43.7,1,0,PC 17571,1.5436,,Q
573,1,1,"Charles, Wilson. 672",female,19.8,2,2,PC 17572,11.8196,,S
574,0,1,"Elizabeth, Taylor. 673",male,37.7,0,3,PC 17573,53.1193,,S
575,0,2,"George, Jones. 674",male,23.8,3,3,PC 17574,6.212,,S
576,0,3,"Sarah, Murphy. 675",male,30.7,1,0,PC 17575,2.454,C10,Q
577,0,3,"John, Andersson. 676",male,20.5,1,2,PC 17576,2.5669,C72,S
578,0,3,"Mary, Smith. 677",male,39.0,3,1,PC 17577,6.4703,,C
579,0,3,"William, Brown. 678",male,79.2,2,1,PC 17578,2.1699,,S
580,1,3,"Anna, Davies. 679",female,21.5,0,2,PC 17579,8.2406,,S
581,0,3,"Charles, Wilson. 680",female,33.9,2,1,PC 17580,15.1903,C3,C
582,0,3,"Elizabeth, Taylor. 681",male,35.3,0,2,PC 17581,36.9143,,S
583,0,3,"George, Jones. 682",female,28.0,3,0,PC 17582,6.3393,,S
584,1,1,"Sarah, Murphy. 683",male,64.4,2,1,PC 17583,119.3473,,S
585,0,1,"John, Andersson. 684",male,25.3,1,3,PC 17584,45.685,,S
586,0,3,"Mary, Smith. 685",male,47.2,2,3,PC 17585,7.4613,,C
587,1,1,"William, Brown. 686",female,46.7,1,3,PC 17586,43.9914,,S
588,0,3,"Anna, Davies. 687",male,26.9,1,2,PC 17587,36.476,,S
589,0,2,"Charles, Wilson. 688",male,38.4,1,2,PC 17588,71.4096,C11,Q
590,1,1,"Elizabeth, Taylor. 689",female,39.9,0,2,PC 17589,54.5567,,S
591,1,3,"George, Jones. 690",female,11.1,0,3,PC 17590,8.3977,,Q
592,1,2,"Sarah, Murphy. 691",female,27.6,1,1,PC 17591,39.0213,C24,S
593,1,1,"John, Andersson. 692",male,16.8,1,0,PC 17592,33.3723,,S
594,0,2,"Mary, Smith. 693",male,27.0,2,2,PC 17593,21.3008,,C
595,0,2,"William, Brown. 694",male,28.2,1,2,PC 17594,23.1508,,Q
596,0,2,"Anna, Davies. 695",female,27.7,1,2,PC 17595,95.5448,C34,C
597,1,3,"Charles, Wilson. 696",female,28.7,1,1,PC 17596,3.0634,C11,S
598,0,1,"Elizabeth, Taylor. 697",male,18.8,2,3,PC 17597,25.5559,,S
599,1,2,"George, Jones. 698",female,42.5,0,3,PC 17598,6.7521,,Q
600,0,3,"Sarah, Murphy. 699",male,23.9,1,0,PC 17599,20.1089,C95,S
601,0,3,"John, Andersson. 700",male,12.9,0,1,PC 17600,25.1892,,C
602,0,1,"Mary, Smith. 701",male,25.1,3,0,PC 17601,94.2421,,C
603,1,1,"William, Brown. 702",female,25.7,3,1,PC 17602,19.8501,,S
604,0,1,"Anna, Davies. 703",male,17.5,2,2,PC 17603,28.8058,,S
605,1,1,"Charles, Wilson. 704",female,32.4,0,1,PC 17604,55.3372,C86,S
606,1,1,"Elizabeth, Taylor. 705",female,17.3,1,3,PC 17605,32.4539,,C
607,1,1,"George, Jones. 706",female,50.8,0,1,PC 17606,35.8725,C38,Q
608,1,1,"Sarah, Murphy. 707",female,52.2,1,0,PC 17607,32.919,C96,S
609,0,1,"John, Andersson. 708",male,24.3,2,3,PC 17608,35.2419,,S
610,1,2,"Mary, Smith. 709",female,17.6,0,3,PC 17609,16.5223,,C
611,0,3,"William, Brown. 710",male,38.9,3,3,PC 17610,13.7109,,S
612,0,2,"Anna, Davies. 711",male,38.0,3,1,PC 17611,4.8408,,S
613,0,1,"Charles, Wilson. 712",male,31.9,1,1,PC 17612,18.7817,,S
614,1,1,"Elizabeth, Taylor. 713",female,46.3,0,2,PC 17613,8.2026,,S
615,1,2,"George, Jones. 714",female,18.7,1,3,PC 17614,16.9471,C34,S
616,0,1,"Sarah, Murphy. 715",male,45.5,0,3,PC 17615,14.1446,,S
617,1,2,"John, Andersson. 716",male,27.0,3,3,PC 17616,29.9419,C66,C
618,1,3,"Mary, Smith. 717",female,30.7,1,3,PC 17617,28.9319,C50,C
619,1,3,"William, Brown. 718",female,19.0,3,2,PC 17618,2.9667,,S
620,0,1,"Anna, Davies. 719",male,26.8,2,3,PC 17619,13.5492,,S
621,0,1,"Charles, Wilson. 720",male,34.9,2,2,PC 17620,37.2249,,C
622,1,1,"Elizabeth, Taylor. 721",female,22.9,2,0,PC 17621,102.5338,,S
623,0,2,"George, Jones. 722",male,25.1,2,3,PC 17622,37.2032,,Q
624,1,2,"Sarah, Murphy. 723",female,21.3,0,3,PC 17623,27.5317,,S
625,0,3,"John, Andersson. 724",male,32.8,0,2,PC 17624,8.7221,,S
626,0,1,"Mary, Smith. 725",male,16.7,2,2,PC 17625,18.4431,C21,S
627,1,2,"William, Brown. 726",female,28.6,1,2,PC 17626,26.1135,,C
628,0,3,"Anna, Davies. 727",male,21.3,2,1,PC 17627,14.5143,,S
629,0,3,"Charles, Wilson. 728",male,40.3,0,3,PC 17628,10.6443,,S
630,0,3,"Elizabeth, Taylor. 729",male,16.5,2,1,PC 17629,5.4134,C15,S
631,1,3,"George, Jones. 730",female,30.1,1,2,PC 17630,2.1332,C48,S
632,0,1,"Sarah, Murphy. 731",male,42.6,0,1,PC 17631,12.7189,,C
633,0,1,"John, Andersson. 732",male,40.9,0,3,PC 17632,19.5832,C74,Q
634,0,3,"Mary, Smith. 733",female,24.2,0,0,PC 17633,3.1919,,S
635,1,3,"William, Brown. 734",female,54.5,0,3,PC 17634,12.3401,C62,S
636,1,3,"Anna, Davies. 735",female,39.4,1,0,PC 17635,2.5156,,C
637,0,3,"Charles, Wilson. 736",male,23.6,3,1,PC 17636,6.9559,C96,C
638,0,3,"Elizabeth, Taylor. 737",male,49.5,0,0,PC 17637,12.6282,C44,C
639,0,3,"George, Jones. 738",male,28.2,3,3,PC 17638,19.2581,C6,C
640,1,3,"Sarah, Murphy. 739",female,28.5,3,1,PC 17639,11.448,,S
641,1,1,"John, Andersson. 740",female,19.7,2,0,PC 17640,82.5722,,S
642,1,3,"Mary, Smith. 741",female,53.7,2,1,PC 17641,5.3488,,S
643,1,2,"William, Brown. 742",female,55.7,0,2,PC 17642,9.0652,,S
644,1,2,"Anna, Davies. 743",male,35.0,1,1,PC 17643,49.4258,,C
645,1,1,"Charles, Wilson. 744",male,38.2,1,2,PC 17644,12.3698,,S
646,0,1,"Elizabeth, Taylor. 745",male,24.0,3,2,PC 17645,23.8774,,S
647,0,3,"George, Jones. 746",female,51.4,3,3,PC 17646,1.8973,,S
648,1,3,"Sarah, Murphy. 747",male,21.7,2,3,PC 17647,25.4454,,S
649,0,3,"John, Andersson. 748",male,20.4,3,1,PC 17648,17.6014,,S
650,0,2,"Mary, Smith. 749",male,23.5,0,3,PC 17649,9.2596,,Q
651,0,2,"William, Brown. 750",male,33.2,0,3,PC 17650,3.7445,,C
652,0,1,"Anna, Davies. 751",male,43.1,0,3,PC 17651,34.5998,C64,S
653,0,3,"Charles, Wilson. 752",male,34.5,1,3,PC 17652,11.7322,,S
654,0,3,"Elizabeth, Taylor. 753",male,22.9,1,0,PC 17653,26.4422,,Q
655,0,3,"George, Jones. 754",male,34.3,0,3,PC 17654,49.3679,,S
656,1,3,"Sarah, Murphy. 755",female,37.7,3,3,PC 17655,11.3376,C33,S
657,1,2,"John, Andersson. 756",female,37.6,3,1,PC 17656,15.0179,,S
658,0,3,"Mary, Smith. 757",male,53.1,2,0,PC 17657,7.3784,,Q
659,1,1,"William, Brown. 758",male,22.7,1,2,PC 17658,20.8821,,S
660,0,3,"Anna, Davies. 759",male,31.4,0,0,PC 17659,2.6368,,S
661,1,1,"Charles, Wilson. 760",male,14.8,3,1,PC 17660,12.1354,C14,S
662,0,3,"Elizabeth, Taylor. 761",male,32.2,3,0,PC 17661,8.4408,,S
663,1,3,"George, Jones. 762",female,51.0,1,3,PC 17662,2.0509,,S
664,0,2,"Sarah, Murphy. 763",male,35.8,1,2,PC 17663,5.5377,,S
665,0,2,"John, Andersson. 764",male,36.3,0,3,PC 17664,55.3051,,S
666,0,3,"Mary, Smith. 765",male,47.2,3,2,PC 17665,4.9562,C28,C
667,0,2,"William, Brown. 766",male,26.2,1,0,PC 17666,37.8027,C9,S
668,0,2,"Anna, Davies. 767",female,42.3,2,3,PC 17667,49.5284,,Q
669,1,1,"Charles, Wilson. 768",female,26.2,0,3,PC 17668,27.6359,,S
670,1,2,"Elizabeth, Taylor. 769",female,29.9,0,0,PC 17669,38.8316,,S
671,0,3,"George, Jones. 770",male,22.3,3,1,PC 17670,7.76,,S
672,1,3,"Sarah, Murphy. 771",female,24.7,1,1,PC 17671,4.132,,S
673,0,2,"John, Andersson. 772",male,57.3,1,1,PC 17672,16.5664,,S
674,0,3,"Mary, Smith. 773",male,36.7,2,0,PC 17673,9.7433,,S
675,0,3,"William, Brown. 774",male,32.4,1,0,PC 17674,10.2169,,S
676,0,1,"Anna, Davies. 775",male,29.8,1,3,PC 17675,29.3095,,S
677,0,2,"Charles, Wilson. 776",female,27.7,0,2,PC 17676,12.7874,,S
678,0,3,"Elizabeth, Taylor. 777",female,21.8,2,1,PC 17677,24.0061,,Q
679,0,2,"George, Jones. 778",male,15.0,0,3,PC 17678,15.3058,,S
680,0,3,"Sarah, Murphy. 779",male,23.2,0,2,PC 17679,6.2907,C20,C
681,0,2,"John, Andersson. 780",male,25.4,2,1,PC 17680,42.5417,,S
682,0,3,"Mary, Smith. 781",male,23.4,0,3,PC 17681,3.7097,,S
683,0,3,"William, Brown. 782",male,22.3,2,0,PC 17682,9.1466,,S
684,0,1,"Anna, Davies. 783",male,39.3,0,3,PC 17683,104.8876,C75,S
685,0,3,"Charles, Wilson. 784",male,50.3,0,3,PC 17684,9.7456,,Q
686,0,2,"Elizabeth, Taylor. 785",male,36.5,2,2,PC 17685,66.6633,,S
687,1,1,"George, Jones. 786",female,39.8,1,1,PC 17686,21.8991,,C
688,0,1,"Sarah, Murphy. 787",male,17.9,0,2,PC 17687,17.4393,,S
689,0,2,"John, Andersson. 788",male,29.9,3,0,PC 17688,15.9456,,S
690,1,3,"Mary, Smith. 789",female,29.8,3,1,PC 17689,5.5642,,S
691,0,2,"William, Brown. 790",male,22.1,1,2,PC 17690,13.3717,,S
692,0,3,"Anna, Davies. 791",male,24.8,3,1,PC 17691,6.2123,,S
693,0,2,"Charles, Wilson. 792",female,43.2,3,0,PC 17692,38.2085,,S
694,0,3,"Elizabeth, Taylor. 793",male,44.0,0,3,PC 17693,13.2883,,S
695,0,1,"George, Jones. 794",male,39.6,1,2,PC 17694,22.9812,,Q
696,1,2,"Sarah, Murphy. 795",female,32.4,0,3,PC 17695,9.4082,,S
697,1,1,"John, Andersson. 796",male,19.6,0,1,PC 17696,506.4308,,Q
698,1,2,"Mary, Smith. 797",female,49.5,2,0,PC 17697,15.4692,,S
699,1,2,"William, Brown. 798",female,37.4,2,0,PC 17698,65.956,,S
700,0,2,"Anna, Davies. 799",male,33.2,2,3,PC 17699,6.3918,,C
701,0,3,"Charles, Wilson. 800",male,37.5,0,1,PC 17700,4.7533,,S
702,0,3,"Elizabeth, Taylor. 801",female,30.0,3,2,PC 17701,28.1395,,C
703,0,3,"George, Jones. 802",male,23.2,2,1,PC 17702,3.4365,C39,S
704,0,2,"Sarah, Murphy. 803",male,19.1,1,2,PC 17703,7.0546,,S
705,0,3,"John, Andersson. 804",female,22.0,3,1,PC 17704,8.8172,C91,C
706,0,3,"Mary, Smith. 805",male,39.8,0,1,PC 17705,4.7961,C35,C
707,0,3,"William, Brown. 806",female,23.4,0,2,PC 17706,7.1191,C59,S
708,0,3,"Anna, Davies. 807",male,42.7,3,3,PC 17707,10.6644,,S
709,0,3,"Charles, Wilson. 808",male,48.2,3,2,PC 17708,20.3611,C77,Q
710,0,2,"Elizabeth, Taylor. 809",male,18.8,2,3,PC 17709,21.9044,C78,S
711,0,2,"George, Jones. 810",male,33.9,2,0,PC 17710,24.2177,,S
712,1,3,"Sarah, Murphy. 811",female,10.1,3,2,PC 17711,30.7417,C97,Q
713,0,3,"John, Andersson. 812",male,27.3,1,2,PC 17712,33.3557,,S
714,0,3,"Mary, Smith. 813",male,25.2,1,0,PC 17713,6.7487,,C
715,0,1,"William, Brown. 814",male,7.4,1,3,PC 17714,5.2137,,S
716,0,2,"Anna, Davies. 815",male,22.1,0,2,PC 17715,7.4673,,S
717,0,3,"Charles, Wilson. 816",male,24.0,0,3,PC 17716,24.4522,C15,Q
718,0,1,"Elizabeth, Taylor. 817",female,32.9,0,2,PC 17717,18.0919,,S
719,0,3,"George, Jones. 818",male,20.9,0,1,PC 17718,4.9024,C46,C
720,0,3,"Sarah, Murphy. 819",male,26.7,3,0,PC 17719,6.1858,,S
721,0,1,"John, Andersson. 820",male,15.6,1,3,PC 17720,117.6121,C45,S
722,0,2,"Mary, Smith. 821",male,15.1,1,1,PC 17721,19.6044,C19,S
723,0,1,"William, Brown. 822",male,33.6,1,0,PC 17722,19.8661,,Q
724,0,3,"Anna, Davies. 823",male,22.3,0,1,PC 17723,4.944,,C
725,0,3,"Charles, Wilson. 824",male,31.2,1,2,PC 17724,3.4531,C62,S
726,1,1,"Elizabeth, Taylor. 825",female,29.4,0,1,PC 17725,357.7232,,Q
727,0,2,"George, Jones. 826",male,36.1,2,0,PC 17726,17.9736,,S
728,0,3,"Sarah, Murphy. 827",male,40.4,2,0,PC 17727,10.6722,C76,Q
729,1,1,"John, Andersson. 828",female,18.2,0,0,PC 17728,20.9678,,S
730,1,3,"Mary, Smith. 829",female,25.7,1,1,PC 17729,24.4585,C44,S
731,0,3,"William, Brown. 830",male,48.9,2,2,PC 17730,3.7491,,C
732,0,3,"Anna, Davies. 831",female,18.4,2,2,PC 17731,1.6422,C31,C
733,0,1,"Charles, Wilson. 832",male,54.1,3,1,PC 17732,16.6055,,S
734,0,3,"Elizabeth, Taylor. 833",male,19.1,2,0,PC 17733,12.6291,C30,C
735,0,3,"George, Jones. 834",male,14.2,3,2,PC 17734,72.0239,C94,C
736,0,3,"Sarah, Murphy. 835",male,33.2,0,1,PC 17735,8.7048,,S
737,1,2,"John, Andersson. 836",male,38.5,2,0,PC 17736,8.5576,,C
738,0,3,"Mary, Smith. 837",male,22.2,2,0,PC 17737,7.5927,,S
739,0,2,"William, Brown. 838",male,24.2,0,0,PC 17738,9.2028,,S
740,1,1,"Anna, Davies. 839",female,19.6,1,1,PC 17739,13.7491,,S
741,0,1,"Charles, Wilson. 840",male,48.1,0,0,PC 17740,30.3752,,S
742,0,1,"Elizabeth, Taylor. 841",male,19.3,2,2,PC 17741,36.5551,C23,C
743,0,1,"George, Jones. 842",male,44.4,1,3,PC 17742,15.4162,,S
744,0,1,"Sarah, Murphy. 843",male,56.3,0,1,PC 17743,75.6227,C84,S
745,0,3,"John, Andersson. 844",male,38.1,0,0,PC 17744,8.7107,C27,S
746,0,3,"Mary, Smith. 845",male,13.1,1,1,PC 17745,10.3511,C16,S
747,0,3,"William, Brown. 846",male,34.6,2,3,PC 17746,5.8573,C8,S
748,0,3,"Anna, Davies. 847",female,31.7,0,3,PC 17747,13.0387,C93,C
749,1,1,"Charles, Wilson. 848",male,26.4,3,0,PC 17748,40.6343,,S
750,1,2,"Elizabeth, Taylor. 849",female,36.8,0,2,PC 17749,34.0567,C40,C
751,1,1,"George, Jones. 850",female,26.6,2,0,PC 17750,13.4024,,S
752,0,2,"Sarah, Murphy. 851",male,26.2,1,1,PC 17751,33.1512,,S
753,0,1,"John, Andersson. 852",male,25.9,3,2,PC 17752,16.7758,,S
754,0,1,"Mary, Smith. 853",male,47.4,2,1,PC 17753,30.7007,,Q
755,1,1,"William, Brown. 854",male,24.4,2,2,PC 17754,55.1728,,S
756,0,2,"Anna, Davies. 855",male,39.8,2,2,PC 17755,73.8748,C70,S
757,0,3,"Charles, Wilson. 856",female,29.5,2,0,PC 17756,6.2494,,C
758,0,2,"Elizabeth, Taylor. 857",male,29.2,0,2,PC 17757,6.8768,,S
759,1,3,"George, Jones. 858",female,75.4,3,1,PC 17758,10.6599,,Q
760,0,1,"Sarah, Murphy. 859",male,42.3,1,2,PC 17759,85.1847,,S
761,0,2,"John, Andersson. 860",male,16.5,2,0,PC 17760,13.9432,,S
762,1,2,"Mary, Smith. 861",female,40.4,1,0,PC 17761,169.5623,,S
763,1,1,"William, Brown. 862",female,27.2,0,1,PC 17762,5.1147,,C
764,0,2,"Anna, Davies. 863",male,26.6,0,3,PC 17763,73.3769,C56,S
765,0,3,"Charles, Wilson. 864",female,22.2,2,1,PC 17764,27.0495,C55,S
766,0,3,"Elizabeth, Taylor. 865",female,22.7,2,1,PC 17765,25.7395,,S
767,0,1,"George, Jones. 866",male,37.5,3,2,PC 17766,13.3037,,S
768,0,3,"Sarah, Murphy. 867",female,59.6,1,3,PC 17767,32.2263,,S
769,1,3,"John, Andersson. 868",female,32.7,1,3,PC 17768,27.171,,C
770,0,3,"Mary, Smith. 869",male,28.1,0,0,PC 17769,29.2107,,C
771,1,1,"William, Brown. 870",female,31.2,0,0,PC 17770,23.0428,,S
772,0,3,"Anna, Davies. 871",female,35.9,2,1,PC 17771,7.5669,,S
773,1,2,"Charles, Wilson. 872",female,37.6,2,2,PC 17772,60.9696,C87,C
774,1,3,"Elizabeth, Taylor. 873",female,27.7,0,0,PC 17773,12.9229,,S
775,0,3,"George, Jones. 874",female,45.7,3,3,PC 17774,6.7966,,S
776,0,3,"Sarah, Murphy. 875",female,24.7,1,3,PC 17775,4.4309,,S
777,0,3,"John, Andersson. 876",male,32.0,3,1,PC 17776,11.9749,C59,S
778,0,3,"Mary, Smith. 877",male,35.5,3,2,PC 17777,2.7609,,C
779,1,1,"William, Brown. 878",female,27.6,0,2,PC 17778,47.7109,,S
780,0,3,"Anna, Davies. 879",male,27.5,0,0,PC 17779,10.8661,,S
781,0,3,"Charles, Wilson. 880",male,33.1,2,1,PC 17780,2.3098,,S
782,0,3,"Elizabeth, Taylor. 881",male,71.3,2,2,PC 17781,14.2227,,C
783,0,3,"George, Jones. 882",male,31.1,1,1,PC 17782,28.0422,,S
784,1,3,"Sarah, Murphy. 883",female,29.8,2,1,PC 17783,11.8113,,S
785,0,2,"John, Andersson. 884",male,15.4,2,2,PC 17784,5.6531,C75,S
786,0,3,"Mary, Smith. 885",male,41.0,1,1,PC 17785,5.4392,C83,C
787,1,1,"William, Brown. 886",female,27.3,3,0,PC 17786,60.3349,,S
788,0,2,"Anna, Davies. 887",male,28.6,0,0,PC 17787,5.801,C96,S
789,0,2,"Charles, Wilson. 888",male,29.3,1,2,PC 17788,13.413,C27,C
790,0,1,"Elizabeth, Taylor. 889",male,16.4,1,3,PC 17789,79.6625,,S
791,0,3,"George, Jones. 890",male,7.3,0,2,PC 17790,7.2686,,S
792,1,3,"Sarah, Murphy. 891",female,39.6,0,3,PC 17791,5.5531,,S
793,1,1,"John, Andersson. 892",male,67.3,2,1,PC 17792,58.5618,C11,C
794,0,2,"Mary, Smith. 893",male,25.6,1,1,PC 17793,80.9456,C91,S
795,0,1,"William, Brown. 894",male,23.9,3,0,PC 17794,40.4024,C26,S
796,0,3,"Anna, Davies. 895",male,15.3,0,2,PC 17795,2.818,C96,S
797,1,1,"Charles, Wilson. 896",female,60.9,3,3,PC 17796,6.5336,C64,S
798,0,1,"Elizabeth, Taylor. 897",male,41.6,1,3,PC 17797,22.4135,,C
799,0,2,"George, Jones. 898",male,28.1,0,2,PC 17798,3.6496,,S
800,0,2,"Sarah, Murphy. 899",female,27.4,3,0,PC 17799,17.3671,C38,C
801,0,1,"John, Andersson. 900",male,27.2,2,0,PC 17800,64.1455,C96,S
802,0,3,"Mary, Smith. 901",male,40.4,0,0,PC 17801,0.8428,C46,C
803,0,1,"William, Brown. 902",male,16.5,2,3,PC 17802,23.9389,C32,S
804,0,3,"Anna, Davies. 903",male,27.2,2,0,PC 17803,12.573,C10,S
805,0,1,"Charles, Wilson. 904",male,38.7,2,0,PC 17804,17.2144,,C
806,0,3,"Elizabeth, Taylor. 905",male,22.2,1,2,PC 17805,13.3672,,S
807,0,2,"George, Jones. 906",male,32.5,3,1,PC 17806,29.4849,C19,S
808,0,2,"Sarah, Murphy. 907",male,42.3,3,3,PC 17807,48.5714,C25,C
809,0,2,"John, Andersson. 908",male,32.9,0,0,PC 17808,217.3265,C39,S
810,1,3,"Mary, Smith. 909",female,25.9,3,0,PC 17809,12.5331,,S
811,0,3,"William, Brown. 910",female,27.6,3,3,PC 17810,4.1435,C41,Q
812,0,3,"Anna, Davies. 911",female,47.0,1,0,PC 17811,3.694,,S
813,0,2,"Charles, Wilson. 912",male,46.9,1,2,PC 17812,6.098,,S
814,0,1,"Elizabeth, Taylor. 913",male,55.0,1,0,PC 17813,53.5436,C83,C
815,1,2,"George, Jones. 914",female,40.7,0,2,PC 17814,25.4986,C32,S
816,1,2,"Sarah, Murphy. 915",female,15.9,3,2,PC 17815,28.5606,,S
817,1,3,"John, Andersson. 916",female,31.6,2,1,PC 17816,11.2042,,S
818,0,2,"Mary, Smith. 917",male,29.3,3,3,PC 17817,79.6596,C55,Q
819,0,2,"William, Brown. 918",male,14.8,2,1,PC 17818,50.5261,,Q
820,0,1,"Anna, Davies. 919",female,32.6,3,2,PC 17819,70.3684,C92,Q
821,0,3,"Charles, Wilson. 920",male,26.3,1,0,PC 17820,5.0463,,C
822,0,1,"Elizabeth, Taylor. 921",male,14.4,0,1,PC 17821,20.9322,C87,S
823,1,3,"George, Jones. 922",female,21.5,1,3,PC 17822,2.8633,,Q
824,0,3,"Sarah, Murphy. 923",male,42.1,1,3,PC 17823,5.1771,C15,S
825,0,3,"John, Andersson. 924",female,34.6,0,0,PC 17824,10.1308,,S
826,1,1,"Mary, Smith. 925",female,38.5,1,2,PC 17825,9.2339,,S
827,0,2,"William, Brown. 926",male,37.9,1,2,PC 17826,10.4749,,S
828,1,3,"Anna, Davies. 927",female,39.9,1,0,PC 17827,58.4196,,S
829,0,1,"Charles, Wilson. 928",male,29.3,2,0,PC 17828,23.7158,,Q
830,0,3,"Elizabeth, Taylor. 929",male,46.7,0,2,PC 17829,2.3905,,S
831,1,2,"George, Jones. 930",female,65.7,1,0,PC 17830,6.024,,Q
832,0,3,"Sarah, Murphy. 931",female,28.9,1,3,PC 17831,8.6368,C7,S
833,1,2,"John, Andersson. 932",female,23.5,2,0,PC 17832,40.1856,C55,S
834,0,1,"Mary, Smith. 933",male,45.6,0,3,PC 17833,25.8845,,S
835,1,3,"William, Brown. 934",female,18.5,0,1,PC 17834,20.5366,,Q
836,1,1,"Anna, Davies. 935",male,39.0,3,1,PC 17835,37.258,,S
837,0,3,"Charles, Wilson. 936",female,32.8,3,0,PC 17836,3.4011,,C
838,0,3,"Elizabeth, Taylor. 937",female,40.4,3,3,PC 17837,23.8677,,C
839,0,2,"George, Jones. 938",male,28.3,0,3,PC 17838,12.3918,,C
840,0,3,"Sarah, Murphy. 939",female,33.1,2,0,PC 17839,51.7196,,S
841,0,3,"John, Andersson. 940",female,17.2,2,2,PC 17840,5.4813,,C
842,0,3,"Mary, Smith. 941",female,21.7,2,3,PC 17841,8.2156,,S
843,0,1,"William, Brown. 942",male,39.9,0,0,PC 17842,17.1189,,C
844,0,2,"Anna, Davies. 943",male,45.0,3,3,PC 17843,14.6736,C5,S
845,0,2,"Charles, Wilson. 944",female,39.4,3,0,PC 17844,28.3545,,S
846,0,3,"Elizabeth, Taylor. 945",male,15.0,1,0,PC 17845,7.8965,,S
847,0,3,"George, Jones. 946",male,30.8,3,1,PC 17846,27.4655,,S
848,0,2,"Sarah, Murphy. 947",male,16.0,3,0,PC 17847,27.5944,,Q
849,1,1,"John, Andersson. 948",male,19.4,0,3,PC 17848,118.344,,S
850,0,3,"Mary, Smith. 949",female,32.5,0,0,PC 17849,10.0036,,S
851,0,2,"William, Brown. 950",male,33.9,1,0,PC 17850,60.669,C34,S
852,1,1,"Anna, Davies. 951",female,28.2,1,2,PC 17851,84.0027,,S
853,0,3,"Charles, Wilson. 952",male,22.9,3,2,PC 17852,8.2585,C96,S
854,0,2,"Elizabeth, Taylor. 953",female,31.8,0,0,PC 17853,188.5431,,C
855,0,2,"George, Jones. 954",male,34.1,2,0,PC 17854,74.4225,,S
856,1,2,"Sarah, Murphy. 955",male,24.2,0,3,PC 17855,30.9454,,S
857,0,3,"John, Andersson. 956",male,36.2,2,3,PC 17856,7.8933,,S
858,1,1,"Mary, Smith. 957",female,25.7,3,1,PC 17857,26.3564,,S
859,0,2,"William, Brown. 958",male,35.6,0,0,PC 17858,16.2115,,S
860,0,3,"Anna, Davies. 959",male,17.8,2,1,PC 17859,12.2691,,S
861,0,2,"Charles, Wilson. 960",male,38.2,0,0,PC 17860,6.7875,C35,S
862,0,2,"Elizabeth, Taylor. 961",male,15.0,1,1,PC 17861,19.976,C14,C
863,0,3,"George, Jones. 962",male,8.4,0,2,PC 17862,5.4928,,S
864,0,3,"Sarah, Murphy. 963",male,40.2,0,3,PC 17863,43.0193,,C
865,1,3,"John, Andersson. 964",female,31.0,0,1,PC 17864,19.0611,,S
866,0,3,"Mary, Smith. 965",male,34.6,3,0,PC 17865,43.2575,C48,S
867,0,3,"William, Brown. 966",male,47.8,0,3,PC 17866,82.7074,,S
868,0,3,"Anna, Davies. 967",female,43.7,1,0,PC 17867,14.7116,C15,S
869,1,3,"Charles, Wilson. 968",female,24.1,3,3,PC 17868,59.3752,,S
870,1,2,"Elizabeth, Taylor. 969",female,22.8,3,2,PC 17869,26.9132,,S
871,0,1,"George, Jones. 970",male,69.4,1,2,PC 17870,50.8561,,C
872,1,3,"Sarah, Murphy. 971",female,20.6,2,2,PC 17871,4.058,C62,S
873,0,3,"John, Andersson. 972",male,23.3,3,3,PC 17872,10.3316,,C
874,0,3,"Mary, Smith. 973",male,15.0,2,2,PC 17873,35.0814,,S
875,0,2,"William, Brown. 974",male,14.6,1,1,PC 17874,30.0881,C51,S
876,0,3,"Anna, Davies. 975",male,34.0,2,0,PC 17875,6.8234,,S
877,0,1,"Charles, Wilson. 976",male,64.8,1,0,PC 17876,28.9743,,S
878,0,3,"Elizabeth, Taylor. 977",female,17.4,3,3,PC 17877,4.923,,Q
879,0,3,"George, Jones. 978",male,23.1,3,1,PC 17878,5.2216,,S
880,1,1,"Sarah, Murphy. 979",female,25.5,0,1,PC 17879,7.8331,C99,S
881,0,2,"John, Andersson. 980",male,17.9,2,1,PC 17880,52.508,,S
882,1,3,"Mary, Smith. 981",female,24.4,3,1,PC 17881,25.8968,,C
883,0,3,"William, Brown. 982",male,15.5,3,0,PC 17882,8.6996,,S
884,0,3,"Anna, Davies. 983",male,36.6,2,2,PC 17883,2.848,,C
885,0,1,"Charles, Wilson. 984",male,16.9,2,1,PC 17884,23.2194,,S
886,0,1,"Elizabeth, Taylor. 985",male,39.9,2,1,PC 17885,178.0743,C48,Q
887,0,1,"George, Jones. 986",male,17.1,1,0,PC 17886,8.6486,,S
888,0,3,"Sarah, Murphy. 987",male,29.8,3,2,PC 17887,6.0828,C72,C
889,1,3,"John, Andersson. 988",female,16.2,0,0,PC 17888,6.2683,,S
890,0,2,"Mary, Smith. 989",male,41.6,0,3,PC 17889,39.6464,,S
891,0,3,"William, Brown. 990",male,47.9,0,2,PC 17890,3.041,,S
